FromDepartment,0,1,2,3,4,5,6,7,8,9,10,11,12,13,14,15,16,17,18,19,20,21,22,23,24,25,26,27,28,29,30,31,32,33,34,35,36,37,38,39,40,41
0,426,35,1,8,123,26,5,109,1,3,0,3,0,4,14,2,3,1,0,1,2,1,2,6,0,21,15,0,1,0,0,0,2,0,12,8,37,5,3,0,0,0
1,19,502,9,8,52,11,11,41,2,21,18,5,1,17,30,44,4,3,0,3,2,11,1,7,3,18,17,1,4,2,1,14,1,0,37,23,109,12,16,24,2,4
2,2,8,43,11,19,4,0,0,3,11,7,2,0,6,3,1,1,2,0,0,1,0,2,0,0,4,1,0,0,1,0,0,0,0,4,3,18,4,3,1,0,0
3,9,10,10,46,28,15,3,5,0,1,6,1,0,12,1,1,1,1,0,0,0,0,0,0,0,2,7,0,0,0,0,0,0,0,6,4,21,2,1,0,0,0
4,150,77,15,35,1167,170,16,83,43,20,83,45,3,79,95,39,11,9,0,16,11,17,16,10,0,49,20,4,4,1,1,1,2,3,68,30,155,13,16,2,5,0
5,22,15,5,20,151,147,1,15,6,3,14,19,0,17,19,3,7,3,0,4,0,4,1,0,0,10,8,1,0,0,0,0,0,0,21,9,38,4,3,0,0,0
6,11,27,2,5,27,2,21,20,5,12,7,3,0,12,7,8,4,2,0,5,7,8,2,5,4,2,9,0,1,1,0,0,0,0,23,7,31,4,10,0,0,0
7,111,62,2,5,93,16,18,679,2,1,4,2,0,3,18,6,2,5,0,1,0,2,1,7,2,13,7,0,0,2,0,3,4,0,16,12,64,11,3,4,0,1
8,3,6,4,0,39,4,4,3,134,10,11,3,0,5,8,60,1,1,0,2,6,4,16,3,1,5,10,7,2,6,0,2,0,0,21,6,46,3,11,2,0,1
9,3,27,11,1,15,7,11,1,12,146,5,8,0,7,18,54,2,3,0,2,10,10,13,5,1,10,15,1,2,5,1,2,1,0,16,10,46,3,24,1,1,0
10,2,16,8,9,70,16,4,5,12,7,472,97,15,106,10,12,3,4,1,4,27,7,29,7,1,13,12,5,5,2,0,3,0,0,23,15,81,14,12,0,3,0
11,2,6,1,0,34,14,0,2,5,6,93,339,2,91,7,13,0,4,0,0,6,2,3,0,0,4,14,0,1,1,1,2,0,0,14,8,42,6,1,1,1,0
12,0,0,0,0,2,0,0,0,0,0,17,4,5,10,1,0,0,0,0,0,3,0,2,0,0,2,2,0,0,0,0,0,0,0,5,4,13,3,0,0,0,0
13,5,11,10,12,57,14,12,3,5,6,121,113,8,279,12,5,2,2,0,2,25,4,30,2,2,18,17,2,4,1,0,1,1,0,31,14,46,7,8,0,4,0
14,8,22,3,3,71,15,6,19,6,17,5,5,1,8,1506,25,4,6,0,18,3,11,11,6,1,20,19,4,4,2,2,5,1,0,36,29,114,9,10,8,1,0
15,1,60,2,3,40,5,5,9,60,57,9,14,2,9,39,357,6,11,1,2,5,11,6,4,1,14,28,1,1,38,0,3,2,0,53,42,125,14,27,1,2,1
16,2,1,1,1,9,4,2,2,2,2,2,1,0,3,8,4,236,18,0,4,3,11,4,1,0,10,4,1,3,0,0,0,1,0,19,15,55,11,16,0,1,0
17,1,2,0,3,12,4,0,3,1,4,3,2,0,2,5,6,19,441,0,5,6,14,3,4,0,12,16,1,5,0,1,0,10,0,16,12,32,6,6,0,3,0
18,0,0,0,0,0,0,0,0,0,0,0,0,0,0,0,0,0,0,0,0,0,0,0,0,0,0,0,0,0,0,0,0,0,0,0,0,0,0,0,0,0,0
19,0,2,1,0,16,4,4,0,3,2,4,0,0,3,19,6,10,12,0,306,27,47,15,3,0,12,15,0,13,1,1,2,9,0,27,16,70,12,7,0,0,1
20,1,2,2,0,17,2,5,1,7,12,34,5,3,29,4,8,5,9,0,27,70,62,38,1,0,7,6,2,13,2,0,0,6,0,12,6,24,5,5,0,0,0
21,5,14,0,1,20,4,9,1,3,10,5,2,0,5,12,15,10,15,1,32,62,601,159,1,0,45,18,2,41,5,2,0,77,0,25,21,62,14,15,0,1,0
22,3,4,1,0,24,1,2,3,12,5,24,5,1,18,11,5,3,6,0,7,32,154,118,5,0,15,10,2,43,1,1,1,11,0,8,10,26,5,2,0,1,0
23,7,46,0,0,14,1,2,10,4,11,7,0,0,4,12,10,3,8,0,4,1,1,6,19,2,5,16,0,2,3,0,0,1,0,28,21,63,5,16,1,1,0
24,0,3,0,0,0,0,0,1,0,2,0,0,0,2,1,0,0,0,0,0,0,0,0,0,2,1,1,0,1,0,0,0,0,0,5,8,15,4,3,0,0,0
25,20,20,3,4,55,12,2,17,7,11,14,5,1,19,18,13,12,10,0,14,11,47,21,5,0,30,2,0,10,2,1,1,4,0,11,1,10,0,13,0,2,0
26,30,15,4,14,53,11,3,12,13,23,21,38,1,20,24,35,6,21,1,21,6,25,13,16,1,3,32,0,3,1,0,2,2,0,5,4,12,3,5,2,2,0
27,1,0,0,0,5,3,3,2,8,0,6,1,1,3,5,4,2,1,0,1,1,4,2,0,0,0,2,2,0,0,0,0,1,0,9,9,41,6,5,0,0,0
28,1,4,0,0,5,0,1,0,2,3,6,1,1,8,5,0,4,6,0,13,12,42,56,1,5,8,3,0,17,1,1,0,5,0,8,5,28,4,3,0,0,0
29,0,2,2,0,3,1,1,2,9,3,2,1,0,1,0,20,0,0,0,1,1,5,1,1,0,1,1,0,2,3,0,0,1,0,3,0,7,1,2,0,0,0
30,0,1,0,0,2,0,0,0,0,2,0,0,0,0,2,0,0,1,0,0,0,1,1,0,0,1,0,0,1,0,3,0,0,0,2,0,1,0,1,0,0,0
31,1,28,0,0,2,0,2,3,3,5,6,4,0,3,9,7,0,0,0,2,0,0,1,0,0,1,0,0,0,3,0,0,0,0,9,4,16,4,4,0,0,0
32,6,2,1,0,9,1,0,6,2,9,7,2,1,3,27,15,1,20,0,8,10,83,14,2,0,3,1,0,6,2,0,0,25,0,10,2,26,5,2,0,2,0
33,0,0,0,0,0,0,0,0,0,0,0,0,0,0,0,0,0,0,0,0,0,0,0,0,0,0,0,0,0,0,0,0,0,0,0,0,0,0,0,0,0,0
34,16,36,3,8,78,22,26,16,18,14,26,13,5,27,43,55,18,19,0,30,13,22,11,23,5,10,7,7,8,6,3,6,8,0,43,37,53,22,24,2,5,1
35,15,26,3,4,42,11,7,17,4,14,15,12,5,14,43,41,9,20,0,23,11,20,10,19,3,1,2,7,5,2,3,1,1,0,30,60,29,6,19,2,7,0
36,65,128,23,39,229,47,50,100,55,49,90,66,13,66,136,151,59,57,2,81,34,92,33,67,14,13,14,41,27,9,2,18,26,0,54,38,208,56,42,6,16,2
37,4,7,5,3,19,2,3,13,6,5,16,6,1,6,12,14,9,5,0,9,2,15,1,3,1,0,3,3,3,1,0,4,1,0,13,7,55,99,2,2,10,1
38,1,27,6,4,19,5,11,3,19,27,11,4,0,12,23,31,22,14,0,10,6,15,8,12,1,10,4,6,3,2,2,1,3,0,22,14,42,3,50,4,0,1
39,0,30,3,0,3,0,2,3,2,1,0,1,0,0,7,1,0,0,0,0,0,0,0,1,1,0,2,0,0,0,0,0,0,0,2,2,6,1,4,1,0,0
40,3,5,1,4,8,3,5,2,1,1,4,4,1,7,3,3,2,3,0,2,2,3,2,2,0,2,3,2,0,0,1,0,3,0,3,5,22,10,2,0,10,0
41,0,0,0,0,0,0,0,1,0,0,0,0,0,0,0,1,0,0,0,0,0,0,0,0,0,0,0,0,0,0,0,0,0,0,0,0,0,0,0,0,0,0
