Department,Members,InternalEmails,OutgoingCrossDeptEmails,IncomingCrossDeptEmails,InternalShareOfOutgoing,InternalDensity,Conductance,AvgTotalDegree,AvgUndirectedClustering,PartnerDepartments,TopPageRankNode,TopPageRank
4,109,1167,1417,1465,0.451625386996904,0.0991335372069317,0.5590411364308967,47.85321100917431,0.37201802009380036,38,129,0.004950162328803084
14,92,1506,538,711,0.7367906066536204,0.1798853320592451,0.3010057471264368,46.31521739130435,0.4117198157942516,38,44,0.003446450090410701
1,65,502,608,787,0.45225225225225224,0.12067307692307692,0.594859241126071,36.90769230769231,0.29971804177974165,39,215,0.0027638814972616517
21,61,601,714,755,0.4570342205323194,0.16420765027322404,0.5592799503414029,43.78688524590164,0.388128397465705,34,63,0.003121370189867752
15,55,357,714,718,0.3333333333333333,0.1202020202020202,0.6583629893238434,39.018181818181816,0.3987902743341547,39,81,0.0031889266818223958
7,51,679,503,533,0.5744500846023689,0.2662745098039216,0.4409296320206585,46.94117647058823,0.48050263576218666,33,377,0.0037612977865297066
0,49,426,454,530,0.48409090909090907,0.18112244897959184,0.5578059071729958,37.46938775510204,0.3474716647897071,29,180,0.002309550429632929
10,39,472,660,703,0.4169611307420495,0.3184885290148448,0.5994513031550068,59.15384615384615,0.47850187670230965,36,333,0.0038480515727949563
17,35,441,219,302,0.6681818181818182,0.37058823529411766,0.4117647058823529,40.08571428571429,0.5407263717157094,31,269,0.0025000870625262
9,32,146,364,390,0.28627450980392155,0.14717741935483872,0.7298136645962733,32.6875,0.30367738191525356,37,21,0.004158133914486845
19,29,306,364,354,0.45671641791044776,0.3768472906403941,0.5625,45.86206896551724,0.49854606904955373,30,210,0.0022574047786022003
11,29,339,387,497,0.4669421487603306,0.41748768472906406,0.5839195979899497,53.86206896551724,0.5059163698310525,30,28,0.0032595977102715507
6,28,21,273,236,0.07142857142857142,0.027777777777777776,0.9064039408866995,19.678571428571427,0.2664939505381045,31,255,0.0013353750327242562
23,27,19,315,229,0.05688622754491018,0.027065527065527065,0.9160493827160494,21.555555555555557,0.2801259065586453,31,495,0.0016227523588443543
13,26,279,617,641,0.31138392857142855,0.42923076923076925,0.7101710171017102,69.84615384615384,0.5310933453641987,36,165,0.003137465290219696
16,25,236,221,245,0.5164113785557987,0.3933333333333333,0.5042444821731749,37.52,0.5171692794529591,32,371,0.0023548896430626355
22,25,118,462,534,0.20344827586206896,0.19666666666666666,0.8233766233766234,49.28,0.557937158540009,35,211,0.003829327315736897
36,22,208,2110,1681,0.08973252804141502,0.45021645021645024,0.9084480833643469,191.22727272727272,0.3114260923157366,40,160,0.007494967842797525
8,19,134,316,343,0.29777777777777775,0.391812865497076,0.7186440677966102,48.78947368421053,0.46088011052264405,34,329,0.002795037646199238
5,18,147,423,457,0.2578947368421053,0.4803921568627451,0.7533512064343163,65.22222222222223,0.4671099353541599,27,128,0.00449259375775236
37,15,99,272,297,0.2668463611859838,0.4714285714285714,0.7744916820702403,51.13333333333333,0.4194144461073852,37,152,0.0021241671344779723
20,14,70,362,348,0.16203703703703703,0.38461538461538464,0.85,60.714285714285715,0.43241122424368417,32,96,0.0034122918487794794
38,13,50,408,346,0.1091703056768559,0.32051282051282054,0.8994614003590664,65.6923076923077,0.40690517018914335,37,106,0.004429711640065
35,13,60,503,461,0.10657193605683836,0.38461538461538464,0.9021164021164021,83.38461538461539,0.3611450445874172,38,533,0.002814194043237982
34,13,43,746,707,0.05449936628643853,0.27564102564102566,0.9515789473684211,118.38461538461539,0.19050945837596986,39,434,0.004654143743451346
3,12,46,147,205,0.23834196891191708,0.3484848484848485,0.785234899328859,37.0,0.44483818543183345,22,79,0.0014996078421510971
2,10,43,122,142,0.2606060606060606,0.4777777777777778,0.7818181818181819,35.0,0.39701789756137584,25,340,0.0030280565286216147
27,10,2,126,100,0.015625,0.022222222222222223,0.9748427672955975,23.0,0.49116977793448385,25,355,0.001232753924847211
32,9,25,288,184,0.07987220447284345,0.3472222222222222,0.9090909090909091,58.0,0.4179511988125398,31,174,0.0018989458182955173
26,9,32,471,331,0.0636182902584493,0.4444444444444444,0.9372937293729373,96.22222222222223,0.2769463106623698,37,301,0.003910790139198041
28,8,17,242,218,0.06563706563706563,0.30357142857142855,0.9333333333333333,61.75,0.2405813307161786,29,411,0.0023895690987458165
31,8,0,117,72,0.0,0.0,1.0,23.625,0.1857346363981945,21,560,0.0011407131379939425
24,6,2,47,49,0.04081632653061224,0.06666666666666667,0.9420289855072463,16.666666666666668,0.3351139601139601,13,163,0.0012072886947561826
25,6,30,398,365,0.07009345794392523,1.0,0.9411764705882353,137.16666666666666,0.27863952156989835,34,5,0.005122296407362038
29,5,3,74,103,0.03896103896103896,0.15,0.9669421487603306,36.6,0.4285355361534918,25,80,0.0024055157855513588
30,4,3,16,24,0.15789473684210525,0.25,0.8787878787878788,11.5,0.07873563218390804,12,462,0.0010213112592164482
40,4,10,124,70,0.07462686567164178,0.8333333333333334,0.922077922077922,53.5,0.4249876057137061,33,254,0.0009499186710876428
12,3,5,68,66,0.0684931506849315,0.8333333333333334,0.9325842696629213,48.0,0.38089835553603674,13,427,0.001509484750285923
39,3,1,72,63,0.0136986301369863,0.16666666666666666,0.9764705882352941,45.666666666666664,0.2774840057448753,18,268,0.0011412404027055741
41,2,0,2,13,0.0,0.0,1.0,7.5,0.08333333333333333,2,758,0.0006187187418807147
33,1,0,0,3,,0.0,1.0,3.0,1.0,0,870,0.00025577026097977696
18,1,0,0,6,,0.0,1.0,6.0,0.4666666666666667,0,767,0.00032732750752657353
