Metric,Value
Nodes,1005.0
Edges,24929.0
SelfLoopsRemoved,642.0
IsolatedNodes,19.0
AverageDegree,24.80497512437811
AvgTotalDegree(in+out),49.60995024875622
NetworkDiameter,7.0
Radius,1.0
AvgPathLength,2.6528193693062723
ReachablePairsShare,0.785345186418505
LargestSCCDiameter,6.0
LargestSCCAvgPathLength,2.5474824768713336
GraphDensity,0.024706150522288955
WeaklyConnectedComponents,20.0
StronglyConnectedComponents,203.0
LargestWCCShare,0.981094527363184
LargestSCCShare,0.7990049751243781
Reciprocity,0.7112198644149385
DegreeAssortativity(out-in),-0.013708196001959638
AvgClusteringCoefficient,0.3656613629131561
UndirectedAvgClustering,0.39935496642215434
UndirectedTransitivity,0.26739242877040204
Triangles(undirected),105461.0
MaxKCore(undirected),34.0
AvgEigenvectorCentrality,0.0197132918219768
AvgBetweennessCentrality,0.001294151281858375
AvgClosenessCentrality,0.3021340111201128
Departments,42.0
DepartmentPartitionModularity,0.2880131886237421
LouvainModularity,0.4130212141349939
LouvainCommunities,28.0
LouvainLargestCommunity,190.0
LouvainVsDepartmentNMI,0.5946417069409552
LouvainVsDepartmentARI,0.3504538057743715
GreedyModularityModularity,0.3471325650460905
GreedyModularityCommunities,27.0
GreedyModularityLargestCommunity,391.0
GreedyModularityVsDepartmentNMI,0.4327215943088563
GreedyModularityVsDepartmentARI,0.15195194267918954
LabelPropagationModularity,0.0
LabelPropagationCommunities,20.0
LabelPropagationLargestCommunity,986.0
LabelPropagationVsDepartmentNMI,0.0329186622602845
LabelPropagationVsDepartmentARI,-0.0007319958862987099
WithinDepartmentEmailShare,0.3467848690280396
DepartmentAssortativity,0.31407307339590057
