Source,Target,Weight,Type
0,1,18,Directed
0,19,2,Directed
0,39,28,Directed
0,64,19,Directed
0,70,49,Directed
0,71,102,Directed
0,72,2,Directed
0,74,1,Directed
0,80,1,Directed
0,82,111,Directed
0,87,1,Directed
0,89,6,Directed
1,4,7,Directed
1,8,1,Directed
1,9,4,Directed
1,16,22,Directed
1,18,3,Directed
1,19,6,Directed
1,23,1,Directed
1,24,2,Directed
1,25,12,Directed
1,35,10,Directed
1,39,5,Directed
1,44,1,Directed
1,47,1,Directed
1,49,1,Directed
1,58,3,Directed
1,60,3,Directed
1,61,1,Directed
1,64,16,Directed
1,71,2,Directed
1,74,2,Directed
1,83,20,Directed
1,85,15,Directed
1,87,2,Directed
1,88,1,Directed
1,89,8,Directed
2,14,6,Directed
2,24,16,Directed
2,25,2,Directed
2,37,6,Directed
2,39,2,Directed
2,43,34,Directed
2,44,1,Directed
2,48,1,Directed
2,49,1,Directed
2,51,1,Directed
2,52,1,Directed
2,54,2,Directed
2,63,1,Directed
2,65,1,Directed
2,76,2,Directed
2,78,1,Directed
2,82,2,Directed
2,88,1,Directed
3,4,1,Directed
3,15,2,Directed
3,22,7,Directed
3,67,1,Directed
4,1,11,Directed
4,3,3,Directed
4,8,1,Directed
4,9,5,Directed
4,10,18,Directed
4,11,7,Directed
4,12,7,Directed
4,14,9,Directed
4,15,2,Directed
4,16,2,Directed
4,17,2,Directed
4,18,9,Directed
4,19,2,Directed
4,22,5,Directed
4,24,1,Directed
4,25,11,Directed
4,26,5,Directed
4,27,3,Directed
4,30,4,Directed
4,32,4,Directed
4,35,4,Directed
4,37,2,Directed
4,38,88,Directed
4,44,1,Directed
4,46,7,Directed
4,48,12,Directed
4,49,5,Directed
4,52,5,Directed
4,53,5,Directed
4,55,1,Directed
4,56,1,Directed
4,58,3,Directed
4,60,1,Directed
4,61,1,Directed
4,62,1,Directed
4,64,3,Directed
4,66,2,Directed
4,67,1,Directed
4,80,2,Directed
4,83,1,Directed
4,84,7,Directed
4,85,11,Directed
4,87,5,Directed
4,88,6,Directed
5,60,2,Directed
5,87,1,Directed
5,88,1,Directed
7,8,1,Directed
7,23,3,Directed
7,25,1,Directed
7,43,1,Directed
7,44,2,Directed
7,57,3,Directed
7,59,3,Directed
7,60,5,Directed
7,62,2,Directed
7,66,2,Directed
7,71,3,Directed
7,85,1,Directed
7,88,2,Directed
8,1,1,Directed
8,7,1,Directed
8,17,10,Directed
8,25,1,Directed
8,47,1,Directed
8,60,1,Directed
8,61,1,Directed
8,66,12,Directed
8,71,9,Directed
9,4,3,Directed
9,8,1,Directed
9,15,1,Directed
9,16,10,Directed
9,17,2,Directed
9,19,1,Directed
9,23,3,Directed
9,43,1,Directed
9,58,1,Directed
9,61,1,Directed
9,63,2,Directed
10,4,4,Directed
10,16,1,Directed
10,47,36,Directed
10,74,13,Directed
10,88,1,Directed
11,4,6,Directed
11,12,8,Directed
11,23,4,Directed
11,25,6,Directed
11,30,3,Directed
11,35,2,Directed
11,39,16,Directed
11,43,1,Directed
11,44,1,Directed
11,48,6,Directed
11,49,8,Directed
11,50,1,Directed
11,52,2,Directed
11,55,2,Directed
11,58,10,Directed
11,60,25,Directed
11,61,5,Directed
11,73,2,Directed
11,76,2,Directed
11,78,3,Directed
11,85,3,Directed
11,86,1,Directed
11,87,1,Directed
12,4,4,Directed
12,11,6,Directed
12,25,3,Directed
12,30,1,Directed
12,35,1,Directed
12,39,4,Directed
12,48,7,Directed
12,49,1,Directed
12,54,2,Directed
12,55,1,Directed
12,58,1,Directed
12,60,10,Directed
12,61,1,Directed
12,80,1,Directed
13,14,4,Directed
13,15,2,Directed
13,18,1,Directed
13,23,1,Directed
13,30,1,Directed
13,44,5,Directed
13,58,1,Directed
13,60,1,Directed
13,88,1,Directed
14,4,6,Directed
14,10,2,Directed
14,11,3,Directed
14,13,27,Directed
14,15,14,Directed
14,16,15,Directed
14,25,24,Directed
14,33,32,Directed
14,35,56,Directed
14,44,43,Directed
14,48,3,Directed
14,49,11,Directed
14,51,3,Directed
14,54,6,Directed
14,56,1,Directed
14,59,1,Directed
14,60,13,Directed
14,61,1,Directed
14,64,1,Directed
14,73,10,Directed
14,77,4,Directed
14,86,3,Directed
14,88,43,Directed
15,70,1,Directed
16,1,5,Directed
16,4,3,Directed
16,9,10,Directed
16,14,1,Directed
16,15,5,Directed
16,19,10,Directed
16,22,1,Directed
16,25,37,Directed
16,32,2,Directed
16,35,21,Directed
16,48,1,Directed
16,49,8,Directed
16,52,1,Directed
16,54,5,Directed
16,60,30,Directed
16,61,5,Directed
16,64,19,Directed
16,73,14,Directed
16,85,7,Directed
16,88,2,Directed
17,8,1,Directed
17,9,3,Directed
17,10,1,Directed
17,18,2,Directed
17,30,1,Directed
17,45,2,Directed
17,52,23,Directed
17,54,1,Directed
17,61,2,Directed
17,63,8,Directed
17,65,1,Directed
17,76,1,Directed
17,83,1,Directed
17,84,1,Directed
18,1,1,Directed
18,4,12,Directed
18,8,1,Directed
18,13,3,Directed
18,17,1,Directed
18,26,17,Directed
18,27,11,Directed
18,35,1,Directed
18,37,16,Directed
18,38,15,Directed
18,39,1,Directed
18,46,17,Directed
18,53,15,Directed
18,58,2,Directed
18,61,1,Directed
18,63,1,Directed
18,66,1,Directed
18,71,1,Directed
18,73,1,Directed
18,85,10,Directed
18,87,1,Directed
19,1,15,Directed
19,4,1,Directed
19,9,8,Directed
19,16,19,Directed
19,25,17,Directed
19,35,12,Directed
19,64,14,Directed
19,70,17,Directed
19,74,1,Directed
19,85,10,Directed
19,87,1,Directed
19,88,2,Directed
19,89,3,Directed
21,5,1,Directed
21,25,2,Directed
21,30,4,Directed
21,44,4,Directed
21,49,2,Directed
21,55,1,Directed
21,58,2,Directed
21,60,10,Directed
21,62,1,Directed
21,66,2,Directed
21,81,1,Directed
21,88,1,Directed
22,3,8,Directed
22,4,1,Directed
22,11,1,Directed
22,13,2,Directed
22,15,1,Directed
22,25,2,Directed
22,29,4,Directed
22,37,1,Directed
22,44,1,Directed
22,52,1,Directed
22,54,4,Directed
22,56,1,Directed
22,58,3,Directed
22,60,4,Directed
22,73,2,Directed
22,88,9,Directed
23,1,4,Directed
23,5,17,Directed
23,7,17,Directed
23,8,11,Directed
23,9,5,Directed
23,11,2,Directed
23,17,1,Directed
23,21,14,Directed
23,25,5,Directed
23,29,10,Directed
23,30,29,Directed
23,31,1,Directed
23,33,2,Directed
23,35,11,Directed
23,39,3,Directed
23,44,19,Directed
23,46,7,Directed
23,47,8,Directed
23,49,9,Directed
23,54,1,Directed
23,55,1,Directed
23,57,1,Directed
23,58,34,Directed
23,59,23,Directed
23,60,36,Directed
23,62,36,Directed
23,66,26,Directed
23,69,12,Directed
23,71,9,Directed
23,78,1,Directed
23,81,8,Directed
23,87,2,Directed
23,88,11,Directed
24,1,1,Directed
24,2,3,Directed
24,4,1,Directed
24,5,2,Directed
24,7,3,Directed
24,11,1,Directed
24,21,1,Directed
24,25,6,Directed
24,26,60,Directed
24,27,8,Directed
24,35,14,Directed
24,39,7,Directed
24,45,7,Directed
24,46,31,Directed
24,48,51,Directed
24,49,3,Directed
24,50,3,Directed
24,52,3,Directed
24,53,1,Directed
24,54,51,Directed
24,56,1,Directed
24,57,41,Directed
24,58,1,Directed
24,63,8,Directed
24,65,18,Directed
24,67,1,Directed
24,70,1,Directed
24,73,1,Directed
24,76,1,Directed
24,80,3,Directed
24,83,3,Directed
24,87,2,Directed
25,1,12,Directed
25,2,1,Directed
25,4,7,Directed
25,9,3,Directed
25,11,8,Directed
25,12,8,Directed
25,14,6,Directed
25,15,6,Directed
25,16,53,Directed
25,19,21,Directed
25,21,3,Directed
25,22,1,Directed
25,23,2,Directed
25,24,6,Directed
25,26,3,Directed
25,30,2,Directed
25,32,3,Directed
25,35,31,Directed
25,39,1,Directed
25,42,2,Directed
25,44,3,Directed
25,45,1,Directed
25,46,1,Directed
25,47,1,Directed
25,48,11,Directed
25,49,16,Directed
25,52,3,Directed
25,54,1,Directed
25,55,2,Directed
25,56,2,Directed
25,58,1,Directed
25,60,11,Directed
25,62,1,Directed
25,64,10,Directed
25,67,1,Directed
25,68,1,Directed
25,71,1,Directed
25,73,5,Directed
25,74,2,Directed
25,77,6,Directed
25,78,11,Directed
25,80,55,Directed
25,83,4,Directed
25,85,17,Directed
25,86,4,Directed
25,87,3,Directed
25,88,30,Directed
25,89,7,Directed
26,4,3,Directed
26,7,1,Directed
26,18,5,Directed
26,21,1,Directed
26,24,119,Directed
26,25,5,Directed
26,27,75,Directed
26,30,3,Directed
26,35,66,Directed
26,37,1,Directed
26,38,1,Directed
26,39,1,Directed
26,46,94,Directed
26,48,1,Directed
26,49,2,Directed
26,51,3,Directed
26,53,1,Directed
26,57,79,Directed
26,58,2,Directed
26,61,1,Directed
26,65,5,Directed
26,85,1,Directed
26,87,2,Directed
29,1,1,Directed
29,5,1,Directed
29,7,1,Directed
29,21,1,Directed
29,23,1,Directed
29,30,1,Directed
29,44,1,Directed
29,49,7,Directed
29,59,1,Directed
29,60,14,Directed
29,61,1,Directed
29,62,3,Directed
29,66,1,Directed
29,81,1,Directed
29,88,1,Directed
30,3,1,Directed
30,4,1,Directed
30,5,1,Directed
30,7,1,Directed
30,8,1,Directed
30,9,2,Directed
30,11,1,Directed
30,12,1,Directed
30,13,1,Directed
30,17,2,Directed
30,21,2,Directed
30,23,7,Directed
30,25,2,Directed
30,26,2,Directed
30,35,3,Directed
30,39,2,Directed
30,44,5,Directed
30,46,1,Directed
30,47,1,Directed
30,48,1,Directed
30,49,1,Directed
30,55,1,Directed
30,57,2,Directed
30,58,3,Directed
30,59,1,Directed
30,60,38,Directed
30,62,1,Directed
30,63,3,Directed
30,66,8,Directed
30,67,4,Directed
30,68,1,Directed
30,69,2,Directed
30,71,12,Directed
30,72,1,Directed
30,73,1,Directed
30,78,1,Directed
30,80,2,Directed
30,81,1,Directed
30,84,1,Directed
30,85,1,Directed
30,87,1,Directed
30,88,1,Directed
31,33,3,Directed
31,64,4,Directed
31,68,3,Directed
31,80,1,Directed
31,85,1,Directed
32,4,3,Directed
32,16,1,Directed
32,25,10,Directed
32,42,1,Directed
32,48,1,Directed
32,49,3,Directed
32,52,2,Directed
32,54,18,Directed
32,55,2,Directed
32,61,1,Directed
32,65,1,Directed
32,67,6,Directed
32,73,1,Directed
32,76,1,Directed
32,80,3,Directed
33,3,6,Directed
33,13,3,Directed
33,14,10,Directed
33,23,2,Directed
33,25,1,Directed
33,26,1,Directed
33,31,2,Directed
33,35,2,Directed
33,46,1,Directed
33,49,1,Directed
33,60,2,Directed
33,64,1,Directed
33,73,1,Directed
33,84,49,Directed
34,48,4,Directed
35,0,1,Directed
35,1,13,Directed
35,4,3,Directed
35,5,1,Directed
35,7,2,Directed
35,9,7,Directed
35,10,1,Directed
35,11,5,Directed
35,12,7,Directed
35,13,3,Directed
35,14,43,Directed
35,16,33,Directed
35,17,2,Directed
35,18,3,Directed
35,19,13,Directed
35,21,2,Directed
35,22,1,Directed
35,23,16,Directed
35,24,12,Directed
35,25,49,Directed
35,26,24,Directed
35,27,4,Directed
35,28,1,Directed
35,30,5,Directed
35,33,9,Directed
35,39,3,Directed
35,43,1,Directed
35,46,16,Directed
35,48,3,Directed
35,49,6,Directed
35,56,6,Directed
35,57,7,Directed
35,58,4,Directed
35,59,9,Directed
35,60,1,Directed
35,61,2,Directed
35,63,1,Directed
35,64,14,Directed
35,65,1,Directed
35,66,8,Directed
35,69,2,Directed
35,71,7,Directed
35,73,3,Directed
35,74,7,Directed
35,80,3,Directed
35,83,2,Directed
35,84,2,Directed
35,85,15,Directed
35,87,3,Directed
35,88,4,Directed
35,89,1,Directed
36,15,4,Directed
36,49,1,Directed
36,60,5,Directed
36,73,1,Directed
36,77,3,Directed
37,2,1,Directed
37,4,4,Directed
37,18,5,Directed
37,22,2,Directed
37,25,1,Directed
37,26,4,Directed
37,27,1,Directed
37,38,4,Directed
37,43,1,Directed
37,46,2,Directed
37,51,1,Directed
37,52,3,Directed
37,53,5,Directed
37,56,1,Directed
37,60,4,Directed
37,85,1,Directed
38,4,107,Directed
38,18,1,Directed
38,32,1,Directed
38,53,1,Directed
38,54,3,Directed
38,60,1,Directed
38,69,1,Directed
38,82,1,Directed
38,85,2,Directed
39,1,14,Directed
39,2,1,Directed
39,7,1,Directed
39,8,1,Directed
39,11,21,Directed
39,12,4,Directed
39,13,1,Directed
39,18,1,Directed
39,23,5,Directed
39,24,8,Directed
39,26,1,Directed
39,30,1,Directed
39,35,3,Directed
39,37,1,Directed
39,43,1,Directed
39,45,1,Directed
39,51,1,Directed
39,52,1,Directed
39,54,1,Directed
39,57,1,Directed
39,60,3,Directed
39,62,1,Directed
39,63,1,Directed
39,64,1,Directed
39,66,1,Directed
39,71,1,Directed
39,76,2,Directed
39,80,14,Directed
39,82,4,Directed
39,83,14,Directed
39,87,6,Directed
39,88,3,Directed
42,25,4,Directed
42,45,27,Directed
42,47,2,Directed
42,56,2,Directed
42,58,1,Directed
42,83,3,Directed
42,87,6,Directed
43,2,15,Directed
43,4,1,Directed
43,9,2,Directed
43,11,1,Directed
43,14,1,Directed
43,15,1,Directed
43,16,4,Directed
43,25,4,Directed
43,30,1,Directed
43,37,7,Directed
43,39,1,Directed
43,40,3,Directed
43,44,1,Directed
43,45,4,Directed
43,48,2,Directed
43,49,59,Directed
43,50,19,Directed
43,54,8,Directed
43,55,15,Directed
43,56,44,Directed
43,59,1,Directed
43,60,6,Directed
43,61,2,Directed
43,63,1,Directed
43,67,29,Directed
43,69,1,Directed
43,70,21,Directed
43,77,2,Directed
43,80,35,Directed
43,82,1,Directed
43,83,1,Directed
44,1,1,Directed
44,4,2,Directed
44,7,1,Directed
44,8,1,Directed
44,11,2,Directed
44,13,9,Directed
44,14,11,Directed
44,21,1,Directed
44,22,1,Directed
44,23,2,Directed
44,25,6,Directed
44,28,1,Directed
44,30,9,Directed
44,33,2,Directed
44,43,1,Directed
44,49,3,Directed
44,58,3,Directed
44,59,1,Directed
44,60,29,Directed
44,61,1,Directed
44,62,1,Directed
44,64,4,Directed
44,66,2,Directed
44,73,6,Directed
44,78,1,Directed
44,83,1,Directed
44,85,3,Directed
44,88,1,Directed
45,17,1,Directed
45,24,10,Directed
45,25,2,Directed
45,42,20,Directed
45,43,2,Directed
45,48,2,Directed
45,54,2,Directed
45,63,6,Directed
45,87,5,Directed
46,1,1,Directed
46,4,4,Directed
46,18,4,Directed
46,23,4,Directed
46,24,5,Directed
46,25,2,Directed
46,26,13,Directed
46,27,1,Directed
46,35,1,Directed
46,49,1,Directed
46,55,1,Directed
46,57,1,Directed
46,61,1,Directed
46,65,2,Directed
46,66,1,Directed
46,71,1,Directed
46,80,1,Directed
46,85,4,Directed
46,87,2,Directed
47,8,4,Directed
47,10,2,Directed
47,17,1,Directed
47,23,4,Directed
47,28,2,Directed
47,30,2,Directed
47,42,1,Directed
47,60,3,Directed
47,63,2,Directed
47,73,3,Directed
47,74,4,Directed
48,2,1,Directed
48,4,9,Directed
48,11,6,Directed
48,12,8,Directed
48,14,1,Directed
48,15,6,Directed
48,16,2,Directed
48,17,2,Directed
48,22,1,Directed
48,24,97,Directed
48,25,18,Directed
48,26,1,Directed
48,30,1,Directed
48,32,1,Directed
48,34,9,Directed
48,35,3,Directed
48,40,1,Directed
48,43,7,Directed
48,45,1,Directed
48,49,17,Directed
48,50,1,Directed
48,51,1,Directed
48,52,3,Directed
48,54,186,Directed
48,57,8,Directed
48,60,7,Directed
48,61,3,Directed
48,63,12,Directed
48,65,6,Directed
48,67,13,Directed
48,73,8,Directed
48,76,4,Directed
48,78,5,Directed
48,80,1,Directed
48,84,1,Directed
48,85,1,Directed
48,87,1,Directed
49,1,1,Directed
49,4,4,Directed
49,7,1,Directed
49,10,1,Directed
49,11,5,Directed
49,12,2,Directed
49,13,1,Directed
49,14,6,Directed
49,15,18,Directed
49,16,11,Directed
49,17,1,Directed
49,18,1,Directed
49,21,2,Directed
49,23,9,Directed
49,25,20,Directed
49,29,3,Directed
49,30,2,Directed
49,32,9,Directed
49,33,3,Directed
49,35,4,Directed
49,36,1,Directed
49,37,1,Directed
49,38,1,Directed
49,43,78,Directed
49,44,2,Directed
49,46,1,Directed
49,47,2,Directed
49,48,26,Directed
49,50,16,Directed
49,52,11,Directed
49,53,1,Directed
49,54,106,Directed
49,55,7,Directed
49,56,17,Directed
49,57,1,Directed
49,58,3,Directed
49,60,35,Directed
49,62,1,Directed
49,63,2,Directed
49,64,7,Directed
49,66,3,Directed
49,67,35,Directed
49,70,7,Directed
49,71,1,Directed
49,73,15,Directed
49,74,1,Directed
49,76,3,Directed
49,77,22,Directed
49,78,7,Directed
49,80,12,Directed
49,83,2,Directed
49,84,1,Directed
49,85,2,Directed
49,86,4,Directed
49,87,7,Directed
49,88,2,Directed
50,11,1,Directed
50,17,1,Directed
50,24,4,Directed
50,43,8,Directed
50,48,1,Directed
50,49,8,Directed
50,52,7,Directed
50,54,7,Directed
50,57,2,Directed
50,63,2,Directed
50,65,3,Directed
50,67,2,Directed
50,76,1,Directed
50,80,1,Directed
50,84,1,Directed
51,14,1,Directed
51,26,9,Directed
51,27,1,Directed
51,37,1,Directed
51,38,2,Directed
51,39,1,Directed
51,46,1,Directed
51,76,1,Directed
52,4,7,Directed
52,11,1,Directed
52,16,1,Directed
52,17,42,Directed
52,22,1,Directed
52,24,3,Directed
52,25,4,Directed
52,32,2,Directed
52,37,9,Directed
52,43,1,Directed
52,48,2,Directed
52,49,2,Directed
52,50,7,Directed
52,54,38,Directed
52,57,60,Directed
52,60,6,Directed
52,61,2,Directed
52,62,45,Directed
52,63,5,Directed
52,65,1,Directed
52,67,2,Directed
52,73,8,Directed
52,76,19,Directed
52,77,2,Directed
52,78,11,Directed
52,81,2,Directed
52,84,11,Directed
53,25,1,Directed
53,37,3,Directed
53,60,1,Directed
54,2,6,Directed
54,4,1,Directed
54,12,1,Directed
54,14,4,Directed
54,15,2,Directed
54,16,17,Directed
54,17,1,Directed
54,22,3,Directed
54,23,1,Directed
54,24,54,Directed
54,25,4,Directed
54,32,23,Directed
54,37,1,Directed
54,43,6,Directed
54,44,1,Directed
54,45,3,Directed
54,48,153,Directed
54,49,82,Directed
54,50,8,Directed
54,52,65,Directed
54,53,1,Directed
54,56,3,Directed
54,57,5,Directed
54,58,1,Directed
54,60,37,Directed
54,61,1,Directed
54,63,48,Directed
54,64,2,Directed
54,65,15,Directed
54,67,56,Directed
54,73,14,Directed
54,76,9,Directed
54,77,1,Directed
54,78,3,Directed
54,80,2,Directed
54,88,3,Directed
55,4,1,Directed
55,11,1,Directed
55,17,1,Directed
55,25,5,Directed
55,32,4,Directed
55,43,2,Directed
55,49,4,Directed
55,50,2,Directed
55,63,1,Directed
55,64,1,Directed
55,69,1,Directed
55,70,1,Directed
55,80,17,Directed
55,84,1,Directed
56,4,1,Directed
56,22,1,Directed
56,24,1,Directed
56,25,3,Directed
56,35,1,Directed
56,43,16,Directed
56,49,7,Directed
56,50,1,Directed
56,54,1,Directed
56,83,14,Directed
56,87,14,Directed
57,7,3,Directed
57,17,2,Directed
57,23,1,Directed
57,24,79,Directed
57,25,2,Directed
57,26,96,Directed
57,27,8,Directed
57,30,4,Directed
57,35,22,Directed
57,39,2,Directed
57,43,1,Directed
57,46,37,Directed
57,48,7,Directed
57,49,3,Directed
57,50,2,Directed
57,52,46,Directed
57,54,5,Directed
57,61,3,Directed
57,63,2,Directed
57,65,35,Directed
57,66,1,Directed
57,67,2,Directed
57,73,4,Directed
57,76,10,Directed
57,78,1,Directed
57,80,14,Directed
57,83,1,Directed
57,84,1,Directed
57,87,3,Directed
58,4,3,Directed
58,7,1,Directed
58,8,3,Directed
58,11,8,Directed
58,13,2,Directed
58,17,1,Directed
58,21,3,Directed
58,23,13,Directed
58,24,1,Directed
58,25,1,Directed
58,26,1,Directed
58,28,2,Directed
58,30,6,Directed
58,39,6,Directed
58,42,1,Directed
58,44,1,Directed
58,47,2,Directed
58,60,6,Directed
58,64,1,Directed
58,66,7,Directed
58,68,1,Directed
58,71,4,Directed
58,78,1,Directed
58,81,1,Directed
58,83,1,Directed
58,84,1,Directed
58,85,1,Directed
60,1,1,Directed
60,4,2,Directed
60,5,5,Directed
60,7,14,Directed
60,8,6,Directed
60,10,4,Directed
60,11,12,Directed
60,12,16,Directed
60,13,6,Directed
60,14,5,Directed
60,15,80,Directed
60,16,79,Directed
60,21,17,Directed
60,22,16,Directed
60,23,17,Directed
60,25,12,Directed
60,28,4,Directed
60,29,14,Directed
60,30,39,Directed
60,31,4,Directed
60,33,5,Directed
60,37,2,Directed
60,38,4,Directed
60,39,1,Directed
60,42,4,Directed
60,43,7,Directed
60,44,28,Directed
60,47,5,Directed
60,48,2,Directed
60,49,19,Directed
60,51,1,Directed
60,52,4,Directed
60,53,7,Directed
60,54,34,Directed
60,56,6,Directed
60,58,4,Directed
60,59,7,Directed
60,61,2,Directed
60,62,19,Directed
60,66,21,Directed
60,67,8,Directed
60,68,10,Directed
60,69,3,Directed
60,71,11,Directed
60,72,10,Directed
60,73,34,Directed
60,77,6,Directed
60,83,4,Directed
60,86,4,Directed
60,87,4,Directed
60,88,16,Directed
61,1,1,Directed
61,11,2,Directed
61,16,2,Directed
61,29,1,Directed
61,31,2,Directed
61,35,1,Directed
61,37,2,Directed
61,38,1,Directed
61,43,1,Directed
61,48,1,Directed
61,54,2,Directed
61,55,1,Directed
61,56,13,Directed
61,57,1,Directed
61,60,2,Directed
61,67,1,Directed
61,68,2,Directed
61,77,2,Directed
61,88,1,Directed
62,1,2,Directed
62,5,3,Directed
62,7,3,Directed
62,11,1,Directed
62,21,3,Directed
62,23,10,Directed
62,29,1,Directed
62,30,3,Directed
62,44,3,Directed
62,49,3,Directed
62,52,36,Directed
62,60,10,Directed
62,66,4,Directed
62,69,3,Directed
62,81,3,Directed
62,88,5,Directed
63,9,1,Directed
63,13,1,Directed
63,17,10,Directed
63,23,1,Directed
63,24,3,Directed
63,45,1,Directed
63,49,4,Directed
63,52,1,Directed
63,54,36,Directed
63,58,2,Directed
63,61,1,Directed
63,65,1,Directed
63,73,3,Directed
63,76,3,Directed
63,84,1,Directed
63,87,2,Directed
64,0,5,Directed
64,1,11,Directed
64,13,1,Directed
64,15,1,Directed
64,16,35,Directed
64,19,5,Directed
64,49,2,Directed
64,58,1,Directed
64,73,2,Directed
64,85,25,Directed
64,87,1,Directed
65,24,18,Directed
65,26,2,Directed
65,35,1,Directed
65,46,2,Directed
65,48,1,Directed
65,50,1,Directed
65,54,5,Directed
65,57,1,Directed
66,4,2,Directed
66,5,3,Directed
66,7,10,Directed
66,8,17,Directed
66,21,2,Directed
66,23,3,Directed
66,30,10,Directed
66,44,3,Directed
66,58,7,Directed
66,59,3,Directed
66,60,6,Directed
66,62,3,Directed
66,69,3,Directed
66,71,37,Directed
66,81,3,Directed
66,86,1,Directed
66,88,5,Directed
67,19,1,Directed
67,24,1,Directed
67,25,7,Directed
67,30,1,Directed
67,32,6,Directed
67,37,1,Directed
67,43,9,Directed
67,44,1,Directed
67,48,4,Directed
67,49,19,Directed
67,52,4,Directed
67,53,1,Directed
67,54,58,Directed
67,57,1,Directed
67,60,1,Directed
67,63,3,Directed
67,65,1,Directed
67,80,2,Directed
69,21,3,Directed
69,23,2,Directed
69,30,5,Directed
69,35,2,Directed
69,60,7,Directed
69,66,3,Directed
69,81,1,Directed
70,0,71,Directed
70,19,131,Directed
70,24,1,Directed
70,25,1,Directed
70,43,22,Directed
70,49,1,Directed
70,55,1,Directed
70,56,4,Directed
70,67,1,Directed
70,80,14,Directed
70,82,2,Directed
70,85,1,Directed
71,0,199,Directed
71,1,4,Directed
71,7,21,Directed
71,8,241,Directed
71,17,41,Directed
71,18,1,Directed
71,21,3,Directed
71,23,6,Directed
71,30,76,Directed
71,44,4,Directed
71,46,1,Directed
71,58,31,Directed
71,60,5,Directed
71,62,3,Directed
71,63,2,Directed
71,64,2,Directed
71,66,258,Directed
71,81,2,Directed
71,83,1,Directed
71,87,2,Directed
71,88,2,Directed
73,10,1,Directed
73,11,3,Directed
73,12,1,Directed
73,13,1,Directed
73,14,4,Directed
73,16,18,Directed
73,18,1,Directed
73,21,1,Directed
73,22,2,Directed
73,24,2,Directed
73,25,5,Directed
73,29,1,Directed
73,30,1,Directed
73,33,2,Directed
73,35,2,Directed
73,44,1,Directed
73,47,3,Directed
73,48,6,Directed
73,49,7,Directed
73,52,6,Directed
73,53,1,Directed
73,54,10,Directed
73,57,3,Directed
73,58,1,Directed
73,60,22,Directed
73,63,2,Directed
73,64,5,Directed
73,74,1,Directed
73,76,4,Directed
73,77,10,Directed
73,80,1,Directed
73,82,1,Directed
73,85,1,Directed
73,88,8,Directed
74,0,1,Directed
74,1,1,Directed
74,8,1,Directed
74,10,1,Directed
74,23,2,Directed
74,35,4,Directed
74,47,1,Directed
74,73,1,Directed
75,13,1,Directed
75,23,1,Directed
75,44,1,Directed
75,85,2,Directed
76,11,3,Directed
76,17,2,Directed
76,24,2,Directed
76,30,1,Directed
76,39,5,Directed
76,48,2,Directed
76,49,4,Directed
76,50,1,Directed
76,52,20,Directed
76,54,8,Directed
76,55,1,Directed
76,57,11,Directed
76,63,3,Directed
76,73,6,Directed
76,80,7,Directed
76,82,1,Directed
76,87,1,Directed
77,3,1,Directed
77,9,2,Directed
77,13,3,Directed
77,14,8,Directed
77,15,18,Directed
77,16,16,Directed
77,21,1,Directed
77,25,24,Directed
77,36,4,Directed
77,43,2,Directed
77,48,1,Directed
77,49,31,Directed
77,52,4,Directed
77,54,3,Directed
77,60,105,Directed
77,61,26,Directed
77,64,2,Directed
77,67,4,Directed
77,73,53,Directed
77,81,1,Directed
77,86,2,Directed
77,88,8,Directed
78,11,2,Directed
78,23,1,Directed
78,25,1,Directed
78,37,1,Directed
78,39,1,Directed
78,44,2,Directed
78,48,1,Directed
78,52,6,Directed
78,54,1,Directed
80,0,1,Directed
80,1,1,Directed
80,4,1,Directed
80,11,1,Directed
80,12,1,Directed
80,17,2,Directed
80,23,2,Directed
80,24,5,Directed
80,25,68,Directed
80,30,1,Directed
80,31,3,Directed
80,32,6,Directed
80,35,3,Directed
80,39,9,Directed
80,41,1,Directed
80,43,19,Directed
80,46,1,Directed
80,49,14,Directed
80,50,5,Directed
80,52,2,Directed
80,54,6,Directed
80,55,23,Directed
80,56,5,Directed
80,57,8,Directed
80,59,1,Directed
80,62,1,Directed
80,64,2,Directed
80,67,9,Directed
80,69,1,Directed
80,70,33,Directed
80,73,3,Directed
80,76,22,Directed
80,83,1,Directed
80,85,1,Directed
80,87,4,Directed
80,88,1,Directed
82,0,105,Directed
82,1,1,Directed
82,39,28,Directed
83,1,94,Directed
83,4,1,Directed
83,8,1,Directed
83,17,2,Directed
83,19,2,Directed
83,23,1,Directed
83,24,2,Directed
83,25,8,Directed
83,35,4,Directed
83,37,1,Directed
83,39,28,Directed
83,42,6,Directed
83,43,1,Directed
83,44,2,Directed
83,46,1,Directed
83,49,2,Directed
83,50,1,Directed
83,56,56,Directed
83,58,1,Directed
83,60,1,Directed
83,62,1,Directed
83,63,1,Directed
83,64,9,Directed
83,65,1,Directed
83,71,5,Directed
83,80,1,Directed
83,82,3,Directed
83,85,15,Directed
83,86,1,Directed
83,87,24,Directed
84,4,3,Directed
84,17,3,Directed
84,33,2,Directed
84,35,1,Directed
84,49,1,Directed
84,52,16,Directed
84,54,1,Directed
84,63,2,Directed
84,65,2,Directed
84,88,3,Directed
85,0,3,Directed
85,1,21,Directed
85,4,6,Directed
85,6,1,Directed
85,7,3,Directed
85,9,6,Directed
85,11,5,Directed
85,16,20,Directed
85,19,8,Directed
85,21,1,Directed
85,23,1,Directed
85,24,1,Directed
85,25,18,Directed
85,27,1,Directed
85,29,1,Directed
85,30,5,Directed
85,31,11,Directed
85,35,14,Directed
85,37,2,Directed
85,38,3,Directed
85,39,3,Directed
85,44,6,Directed
85,46,12,Directed
85,53,3,Directed
85,58,1,Directed
85,61,1,Directed
85,64,42,Directed
85,65,1,Directed
85,66,3,Directed
85,73,5,Directed
85,75,1,Directed
85,78,2,Directed
85,83,7,Directed
85,87,4,Directed
85,88,1,Directed
85,89,3,Directed
86,14,1,Directed
86,15,2,Directed
86,88,1,Directed
87,0,2,Directed
87,1,10,Directed
87,4,2,Directed
87,5,1,Directed
87,9,2,Directed
87,10,1,Directed
87,11,1,Directed
87,12,2,Directed
87,17,2,Directed
87,18,2,Directed
87,19,1,Directed
87,21,1,Directed
87,23,4,Directed
87,24,7,Directed
87,25,7,Directed
87,26,3,Directed
87,30,3,Directed
87,33,1,Directed
87,35,9,Directed
87,39,12,Directed
87,42,13,Directed
87,45,5,Directed
87,46,8,Directed
87,47,1,Directed
87,49,4,Directed
87,56,46,Directed
87,57,1,Directed
87,58,2,Directed
87,60,1,Directed
87,61,1,Directed
87,63,5,Directed
87,71,2,Directed
87,76,1,Directed
87,80,2,Directed
87,82,3,Directed
87,83,25,Directed
87,84,3,Directed
87,85,4,Directed
88,2,1,Directed
88,4,5,Directed
88,5,1,Directed
88,7,3,Directed
88,8,3,Directed
88,13,1,Directed
88,14,48,Directed
88,15,54,Directed
88,16,16,Directed
88,19,5,Directed
88,22,1,Directed
88,25,48,Directed
88,30,1,Directed
88,35,2,Directed
88,39,3,Directed
88,44,1,Directed
88,47,1,Directed
88,49,1,Directed
88,52,2,Directed
88,54,3,Directed
88,60,59,Directed
88,61,5,Directed
88,66,1,Directed
88,73,18,Directed
88,77,1,Directed
88,78,2,Directed
88,79,1,Directed
88,80,1,Directed
88,84,2,Directed
88,85,2,Directed
88,86,6,Directed
89,0,4,Directed
89,1,4,Directed
89,16,1,Directed
89,19,1,Directed
89,23,1,Directed
89,25,3,Directed
89,35,3,Directed
89,64,2,Directed
89,74,1,Directed
89,85,1,Directed
