Id,in_degree,out_degree,degree,weighted_in_degree,weighted_out_degree,weighted_degree,eccentricity,closeness,harmonic_closeness,betweenness,hub,authority,pagerank,eigenvector,clustering_directed,clustering_undirected,wcc,scc,louvain_community,greedy_modularity_community,label_propagation_community
0,8,7,15,78,36,114,2,0.07883251500272777,0.08865248226950355,4.390408645727795e-05,-5.381693920908284e-21,0.0,0.004848172225476357,1.5785494175127883e-34,0.8979591836734694,0.9642857142857143,4,4,5,4,0
1,2,1,3,9,6,15,3,0.0703591129123044,0.07919621749408984,0.0,0.0,-2.6322844789906316e-20,0.0017907359659062169,2.469026361246327e-42,1.0,1.0,2,1,2,2,1
2,13,11,24,280,50,330,3,0.1107298101121025,0.12411347517730496,3.369561880200178e-05,2.5790533186188494e-20,0.0,0.004196430724895323,5.372717772481846e-07,0.9266917293233082,0.967032967032967,1,2,0,1,2
3,1,0,1,1,0,1,0,0.10647508519848944,0.11229314420803785,0.0,0.0,-3.2903555987382896e-21,0.0012002304626960588,0.014475799923313172,0.0,0.0,0,19,3,0,4
4,12,5,17,151,106,257,3,0.10726950354609929,0.12056737588652482,3.8194947009536674e-05,4.1597634171271774e-21,8.423310332770021e-19,0.0028606258273277674,4.883958600535965e-07,0.8787878787878788,0.9743589743589743,1,2,0,1,2
5,12,7,19,654,87,741,3,0.10425531914893615,0.11702127659574468,0.00017788484733773487,0.0038549130475429016,0.03240559249275892,0.003781157553748027,4.6855758449185614e-11,0.7896341463414634,0.8181818181818182,3,3,1,3,3
6,1,0,1,2,0,2,0,0.07155710807663808,0.07801418439716314,0.0,0.0,0.0,0.0012541554676898231,1.3890322185419655e-42,0.0,0.0,2,7,2,2,1
7,6,6,12,30,28,58,3,0.08524277141298418,0.10106382978723405,0.0012079104380336182,-2.9560318782959997e-20,0.0,0.005149166868844664,5.289247833577077e-42,0.26229508196721313,0.2857142857142857,2,1,2,2,1
8,19,16,35,423,111,534,2,0.16432775011317338,0.18439716312056736,0.0015897783419744603,4.671284324827034e-19,-3.3693241331080085e-18,0.006859854913869403,0.21387181401399416,0.6844827586206896,0.7947368421052632,0,0,3,0,4
9,16,11,27,879,407,1286,3,0.154468085106383,0.17375886524822695,0.0017298342943122128,-1.5091621677337395e-18,-1.0107972399324027e-17,0.009078779960425491,0.18590087549466733,0.7302052785923754,0.7794117647058824,0,0,3,0,4
10,2,0,2,4,0,4,0,0.0852675693101225,0.08865248226950355,0.0,0.0,0.0,0.001443246913452424,7.778784344980616e-08,0.5,1.0,1,10,0,1,2
11,7,9,16,37,39,76,2,0.07591279222484897,0.0851063829787234,6.416751097602162e-05,-3.9290265400834036e-21,-1.3161422394953158e-20,0.003483360799394394,1.4089499422451079e-34,0.8157894736842105,0.8444444444444444,4,4,5,4,0
12,12,16,28,643,772,1415,2,0.10726950354609929,0.12056737588652482,0.0014121092236593755,-8.227492068650414e-19,3.3693241331080085e-18,0.014122826774455977,4.992359288653621e-07,0.7567934782608695,0.738562091503268,1,2,0,1,2
13,6,8,14,46,68,114,3,0.08524277141298418,0.10106382978723405,0.0010455469981945744,-7.987070742401143e-20,-2.6322844789906316e-20,0.007394034769225438,5.136665262131083e-42,0.4470588235294118,0.5,2,1,2,2,1
14,4,2,6,16,8,24,3,0.06611759322809425,0.07328605200945627,0.0,1.0399408542817942e-22,0.0,0.001986092593803207,8.152104514917326e-35,0.8928571428571429,1.0,4,4,5,4,0
15,10,8,18,103,63,166,3,0.09477756286266924,0.10874704491725767,7.920608604499181e-05,0.002556767339156724,0.007697731747362909,0.0020057334404777615,4.47902515420399e-11,0.821917808219178,0.8909090909090909,3,3,1,3,3
16,2,1,3,216,34,250,2,0.014184397163120567,0.014184397163120567,0.0,0.0,-2.1058275831925053e-19,0.010956588321882822,6.326453915691794e-108,1.0,1.0,5,5,4,5,5
17,0,1,1,0,3,3,4,0.0,0.0,0.0,7.799556407113456e-23,0.0,0.0011819355538590524,1.7054310530407016e-161,0.0,0.0,2,22,2,2,1
18,9,16,25,124,112,236,2,0.08198581560283688,0.09219858156028368,0.000804626815265113,-1.1404185381397091e-20,-5.264568957981263e-20,0.007399674783102893,1.6492921720485988e-34,0.5360824742268041,0.5416666666666666,4,4,5,4,0
19,2,1,3,299,1,300,3,0.07273626917367639,0.07801418439716314,0.0,5.760663519292153e-05,0.0147101951832697,0.0016841036637059172,7.530244016201483e-12,1.0,1.0,3,3,1,3,3
20,11,21,32,177,128,305,2,0.10401891252955082,0.11702127659574468,0.00019982901821807595,-3.455203488351261e-20,1.6846620665540043e-18,0.0031308363736529824,4.617273320437867e-07,0.7639175257731958,0.7666666666666667,1,2,0,1,2
21,11,13,24,102,45,147,3,0.1331621423330888,0.1524822695035461,8.797082125349601e-05,4.3261539538122643e-20,8.423310332770021e-19,0.002931068367768243,0.13315248507067834,0.8966165413533834,0.978021978021978,0,0,3,0,4
22,18,20,38,617,227,844,2,0.1320240043644299,0.14184397163120568,0.001261177961405925,-4.409349222154807e-20,0.0,0.012050424526379054,6.633927197484905e-07,0.6829446064139941,0.7380952380952381,1,2,0,1,2
23,4,0,4,14,0,14,0,0.08932792975346168,0.09574468085106383,0.0,0.0,5.264568957981263e-20,0.0012965468085216977,1.7515206174201562e-07,1.0,1.0,1,9,0,1,2
24,8,11,19,149,250,399,3,0.08865248226950355,0.10815602836879434,0.002330258712237595,-1.8198964949931393e-22,-8.423310332770021e-19,0.007074530491848359,6.769673473387825e-42,0.3496932515337423,0.36363636363636365,2,1,2,2,1
25,20,23,43,493,602,1095,2,0.14302600472813237,0.14893617021276595,0.002225198321322941,2.1270690248266247e-19,-1.6846620665540043e-18,0.012501041286301421,7.418208512562294e-07,0.6024915062287656,0.6719367588932806,1,2,0,1,2
26,23,28,51,1628,2603,4231,2,0.17553191489361702,0.19739952718676124,0.004466014733401365,7.310264235173872e-18,0.0,0.027120217512594424,0.2458191513390362,0.5355147645650439,0.5566502463054187,0,0,3,0,4
27,2,0,2,55,0,55,0,0.07628053585500394,0.08156028368794327,0.0,0.0,0.005994355182292559,0.001389350028115116,9.698119454869786e-12,1.0,1.0,3,15,1,3,3
28,8,8,16,316,55,371,2,0.09850275807722617,0.11347517730496454,0.0013185085191564153,-8.015019152859966e-20,-3.3693241331080085e-18,0.012480253909583504,8.56608110417067e-42,0.5526315789473685,0.4888888888888889,2,1,2,2,1
29,1,0,1,1,0,1,0,0.06658786446020488,0.0726950354609929,0.0,0.0,0.0,0.0013599509106787858,1.0799941427043616e-42,0.0,0.0,2,8,2,2,1
30,2,3,5,3,10,13,4,0.07387706855791963,0.08215130023640664,5.4880108071597423e-05,-9.0994824749657e-22,0.0,0.0013180114248380194,2.316232456951942e-42,0.75,0.6666666666666666,2,1,2,2,1
31,17,21,38,525,1261,1786,2,0.12713422642500657,0.13829787234042554,0.0010301990450166743,-7.607167349071326e-20,0.0,0.009792783665707542,6.540206419730787e-07,0.6873177842565598,0.7666666666666667,1,2,0,1,2
32,15,18,33,1485,1551,3036,2,0.11583924349881797,0.1276595744680851,0.00042367502473885456,0.10940069845596044,0.08657435374518704,0.015463840405033298,6.458695646209801e-11,0.7553606237816765,0.8169934640522876,3,3,1,3,3
33,10,11,21,545,149,694,2,0.09773936170212766,0.1099290780141844,3.1856441430909514e-05,0.009745151731418293,0.04303901882124388,0.005226039525340362,4.5401074556841425e-11,0.9079601990049752,0.9393939393939394,3,3,1,3,3
34,6,1,7,7,1,8,3,0.07320162107396148,0.08156028368794327,0.0,0.0,-3.2903555987382896e-21,0.0017135676263643476,1.2307611430873067e-34,0.925,1.0,4,4,5,4,0
35,17,20,37,694,876,1570,2,0.12713422642500657,0.13829787234042554,0.0007860611470033959,1.2271302080525173e-19,0.0,0.011456585410320623,6.735371703065873e-07,0.7180277349768875,0.7631578947368421,1,2,0,1,2
36,3,3,6,11,6,17,3,0.06611759322809425,0.07092198581560284,0.0,-6.759615552831662e-22,7.711770934542867e-23,0.001734001159568764,6.944744829984368e-35,1.0,1.0,4,4,5,4,0
37,1,1,2,3,4,7,3,0.05393803658081373,0.05791962174940898,0.0,-8.319526834254353e-22,-3.2903555987382896e-21,0.00131080410013071,2.2302437163392838e-35,0.0,0.0,4,4,5,4,0
38,4,2,6,15,10,25,3,0.07266596907336356,0.0862884160756501,0.0012411347517730497,-2.66192360544443e-20,-6.580711197476579e-21,0.00542696492053615,2.457704225760169e-42,0.5384615384615384,0.8333333333333334,2,1,2,2,1
39,13,14,27,1057,407,1464,2,0.1078503301540719,0.12056737588652482,0.00039543944179202536,0.01964196907886779,0.0609885550256704,0.009838309604173994,5.86128720210471e-11,0.7639296187683284,0.7794117647058824,3,3,1,3,3
40,18,22,40,2298,6047,8345,2,0.1303191489361702,0.13829787234042554,0.002586947275397123,0.3559216545883071,0.0713500286167274,0.024078447081826486,7.38976233072682e-11,0.5931758530183727,0.5887445887445888,3,3,1,3,3
41,5,6,11,70,66,136,3,0.0820856317310218,0.0963356973995272,0.0005946329010638721,-1.170307189811526e-19,0.0,0.008341896260903708,3.7002767749890455e-42,0.49019607843137253,0.47619047619047616,2,1,2,2,1
42,1,0,1,2,0,2,0,0.068214055448098,0.07328605200945627,0.0,0.0,0.0,0.0012130389623292489,3.302088892186437e-08,0.0,0.0,1,14,0,1,2
43,3,0,3,60,0,60,0,0.07982846775523669,0.08628841607565012,0.0,0.0,0.006172123878049935,0.0014671675973435775,1.3551230400583424e-11,0.8333333333333334,1.0,3,16,1,3,3
44,6,4,10,14,13,27,3,0.07320162107396148,0.08156028368794327,1.6886187098953054e-05,5.199704271408971e-23,-4.112944498422862e-22,0.0019143145964048702,1.2299131402517245e-34,0.8809523809523809,1.0,4,4,5,4,0
45,8,4,12,391,36,427,3,0.08936170212765956,0.1016548463356974,1.1842261082382662e-05,0.0031356839688310443,0.01882464167072481,0.002695137491737801,3.5660757234188164e-11,0.9126984126984127,0.9444444444444444,3,3,1,3,3
47,8,8,16,375,411,786,3,0.09636139377119951,0.11288416075650118,0.001576105495078459,1.0175821259147357e-19,2.1058275831925053e-19,0.0158368280057549,8.565444276831161e-42,0.5,0.6071428571428571,2,1,2,2,1
48,3,3,6,4,4,8,3,0.07801418439716312,0.0851063829787234,0.0,8.319526834254353e-22,0.0,0.0013784203790795859,1.258638302537572e-07,1.0,1.0,1,2,0,1,2
49,2,3,5,212,10,222,3,0.07446808510638298,0.07919621749408982,0.0,0.0004232021736201826,0.010733590400895603,0.0015242192401569478,8.722389671915428e-12,1.0,1.0,3,3,1,3,3
51,12,14,26,404,579,983,2,0.09316569954867826,0.10283687943262411,0.0024662276258020934,-3.6934657186472105e-20,-2.1058275831925053e-19,0.02926282132460876,1.9663833804789692e-34,0.4952076677316294,0.5604395604395604,4,4,5,4,0
52,1,0,1,1,0,1,0,0.09877809108775527,0.10579196217494093,0.0,0.0,-3.2903555987382896e-21,0.00119446398178073,0.012833791670002703,0.0,0.0,0,18,3,0,4
53,5,3,8,27,18,45,3,0.0836344172353807,0.09751773049645392,0.001266464032421479,3.3278107337017413e-21,2.6322844789906316e-20,0.0029308899770423883,4.9588063063522345e-42,0.72,0.6,2,1,2,2,1
54,15,13,28,592,180,772,2,0.11583924349881797,0.1276595744680851,0.00029217363183928533,0.00949804746085284,0.044434847983416306,0.00590492635382789,6.400963627804186e-11,0.7931506849315069,0.8666666666666667,3,3,1,3,3
55,2,3,5,3,5,8,3,0.11033434650455927,0.11702127659574468,0.0,5.324497173922786e-20,1.3161422394953158e-20,0.0012251802566842446,0.03041626807617796,1.0,1.0,0,0,3,0,4
56,3,0,3,11,0,11,0,0.08725053603826488,0.09219858156028368,0.0,0.0,2.6322844789906316e-20,0.0013716898250018,1.2648355478132975e-07,1.0,1.0,1,13,0,1,2
57,11,11,22,85,103,188,3,0.14042553191489363,0.15602836879432624,0.0026485178486917033,1.1438943170203532e-20,-6.317482749577517e-19,0.005444463606425742,0.12703719065196045,0.5765765765765766,0.6153846153846154,0,0,3,0,4
58,20,19,39,685,398,1083,3,0.16432775011317338,0.18676122931442082,0.0011171995423279921,4.492544490497354e-20,-3.3693241331080085e-18,0.009805036526993782,0.21596342701944773,0.7062068965517241,0.7747035573122529,0,0,3,0,4
59,20,19,39,1111,322,1433,3,0.16432775011317338,0.18676122931442082,0.0006855978434290608,9.866438854998522e-19,0.0,0.01499069884316455,0.22192120638415724,0.7045454545454546,0.75,0,0,3,0,4
60,12,12,24,1088,199,1287,3,0.11365702855064559,0.13002364066193853,0.004829939090457407,-4.622537097282575e-20,0.0,0.020596524431449232,1.083914686393944e-41,0.37735849056603776,0.4358974358974359,2,1,2,2,1
61,19,13,32,301,105,406,3,0.16090425531914893,0.18321513002364068,0.0006575444987299091,1.2132209991264982e-19,-1.6846620665540043e-18,0.005239686832661859,0.22052531358981997,0.7639751552795031,0.9005847953216374,0,0,3,0,4
62,16,10,26,190,73,263,3,0.15143929912390489,0.17257683215130026,0.00043459333922859757,2.7870414894752086e-19,-1.6846620665540043e-18,0.0046289892099403845,0.18620188435718393,0.765079365079365,0.9,0,0,3,0,4
63,18,26,44,1089,1142,2231,2,0.15762049500651323,0.17966903073286053,0.002683507526309149,3.093499059971375e-20,-6.738648266216017e-18,0.016833512963733994,0.21555956886705352,0.6497844827586207,0.6615384615384615,0,0,3,0,4
64,24,24,48,1056,1803,2859,2,0.1838905775075988,0.20212765957446807,0.005830054385150276,-1.1714933723484432e-19,-6.738648266216017e-18,0.017569057205684767,0.24358793922976377,0.532942238267148,0.6137566137566137,0,0,3,0,4
65,3,0,3,4,0,4,0,0.08337273443656422,0.08983451536643025,0.0,0.0,-1.6451777993691448e-21,0.0013514270603200485,9.745964812601969e-08,0.6666666666666666,1.0,1,12,0,1,2
66,2,2,4,12,12,24,3,0.07149393731411575,0.07978723404255322,3.896250096857999e-05,0.0,-1.3161422394953158e-20,0.0023819431384589458,1.7304348606459803e-42,0.8,0.6666666666666666,2,1,2,2,1
68,2,2,4,35,227,262,1,0.014184397163120567,0.014184397163120567,5.0658561296859166e-05,-4.434047817444e-20,0.0,0.010955421509582876,6.326453915691794e-108,0.5,1.0,5,5,4,5,5
69,10,10,20,120,22,142,3,0.10095953274926993,0.11347517730496454,0.000396453498657146,-9.983432201105224e-21,-4.2116551663850106e-19,0.003233168581144739,3.919862236919892e-07,0.7378378378378379,0.819047619047619,1,2,0,1,2
70,16,8,24,216,24,240,3,0.12259371833839919,0.1347517730496454,8.78301030276714e-05,9.151479517679787e-21,-1.6846620665540043e-18,0.003490883064648449,6.121687920930385e-07,0.8563432835820896,0.8833333333333333,1,2,0,1,2
71,25,27,52,1378,1804,3182,2,0.1838905775075988,0.20449172576832153,0.005302260785989272,2.876320411815301e-18,6.738648266216017e-18,0.02694511585083854,0.2639203851177722,0.5410906298003072,0.6243386243386243,0,0,3,0,4
72,12,13,25,773,2339,3112,2,0.11365702855064559,0.13002364066193853,0.004283109796227697,-1.7147584746252503e-18,0.0,0.029425717115417135,1.1524339027321265e-41,0.4186851211072664,0.43956043956043955,2,1,2,2,1
73,6,8,14,267,141,408,3,0.09046171660153424,0.10401891252955084,0.0006470582792371305,2.7454438553039364e-20,0.0,0.008130953129842028,6.987618476940118e-42,0.6686046511627907,0.7222222222222222,2,1,2,2,1
74,9,9,18,272,76,348,2,0.10308428170872506,0.1182033096926714,0.0025308865444443746,-1.2687278422237888e-20,-1.6846620665540043e-18,0.012605608399079591,9.35741618597076e-42,0.4689655172413793,0.5555555555555556,2,1,2,2,1
75,9,22,31,70,178,248,3,0.12872340425531917,0.1453900709219858,0.00013676609611260068,2.371065147762491e-19,-4.2116551663850106e-19,0.0022638363947018233,0.10918951504784748,0.7439824945295405,0.7984189723320159,0,0,3,0,4
76,14,18,32,969,691,1660,2,0.11170212765957446,0.12411347517730496,0.0021656113221462762,0.0449286659370697,0.058325259972569,0.013314767211614948,5.720751508538671e-11,0.6794605809128631,0.7254901960784313,3,3,1,3,3
77,1,0,1,1,0,1,0,0.054711246200607896,0.059101654846335686,0.0,0.0,-8.225888996845724e-22,0.0012252919332316073,2.0304488178422125e-35,0.0,0.0,4,6,5,4,0
78,16,16,32,141,344,485,2,0.11386918833727344,0.11702127659574468,0.004311887875717663,3.97239126125316e-21,0.0,0.02142822607103886,2.507435888298944e-34,0.4125,0.5416666666666666,4,4,5,4,0
79,15,3,18,294,14,308,3,0.14852700490998363,0.16903073286052012,0.0,1.0648994347845572e-19,-1.6846620665540043e-18,0.004533639093679897,0.17295487907502244,0.8766666666666667,0.9428571428571428,0,0,3,0,4
80,15,13,28,627,48,675,2,0.11583924349881797,0.1276595744680851,0.00039200063136233355,0.0032190351652354636,0.04368349298962908,0.006452831481110804,6.3164614924513e-11,0.7978142076502732,0.8416666666666667,3,3,1,3,3
81,1,0,1,1,0,1,0,0.09211889393577177,0.0981087470449173,0.0,0.0,-4.112944498422862e-22,0.0012268655559823697,0.007563425960344197,0.0,0.0,0,21,3,0,4
82,10,16,26,132,186,318,2,0.08540189125295508,0.09574468085106383,0.0017840256670043904,-2.4625474447875924e-20,-5.264568957981263e-20,0.00948805556134046,1.7902262344994329e-34,0.5,0.525,4,4,5,4,0
83,8,6,14,144,34,178,3,0.07883251500272777,0.08865248226950355,0.00018828098615332654,-2.5771034295170714e-21,2.6322844789906316e-20,0.008694349116422992,1.5292091913902738e-34,0.6647727272727273,0.7272727272727273,4,4,5,4,0
84,15,18,33,1433,1193,2626,2,0.11583924349881797,0.1276595744680851,0.0006746596868177415,0.08654230194126078,0.09292113458419174,0.015049089267334862,6.291912145522734e-11,0.7280701754385965,0.8169934640522876,3,3,1,3,3
85,14,12,26,311,67,378,3,0.14572460859092734,0.16548463356973997,2.321850726106045e-05,1.8635740108729751e-19,1.6846620665540043e-18,0.004957581037691753,0.1713791788793759,0.9092356687898089,0.9904761904761905,0,0,3,0,4
86,9,7,16,70,33,103,3,0.13090515686981608,0.14657210401891255,0.0014209088758749043,-2.2774704708771293e-20,0.0,0.004141339624304921,0.09754641491236402,0.4434782608695652,0.509090909090909,0,0,3,0,4
87,2,3,5,19,5,24,3,0.11193339500462535,0.11820330969267143,8.260379818577566e-05,-1.9966864402210448e-20,0.0,0.0013398694430825414,0.02913787903359513,0.5,0.3333333333333333,0,0,3,0,4
88,7,5,12,196,60,256,2,0.07591279222484897,0.0851063829787234,3.799392097264437e-05,-9.086483214287175e-21,-2.1058275831925053e-19,0.011562328140335918,1.3606188341291711e-34,0.9426229508196722,0.9523809523809523,4,4,5,4,0
89,18,17,35,1322,672,1994,2,0.1303191489361702,0.13829787234042554,0.0008608956899230454,0.04944840418438554,0.08635802093123665,0.011582048318829785,7.315129277446591e-11,0.6903114186851211,0.7843137254901961,3,3,1,3,3
90,4,0,4,13,0,13,0,0.08932792975346168,0.09574468085106383,0.0,0.0,-1.3161422394953158e-20,0.001434885929081944,1.6596070778980153e-07,1.0,1.0,1,11,0,1,2
91,3,3,6,274,380,654,3,0.07642455368060651,0.08687943262411349,0.0,-1.747100635193414e-20,0.0,0.004749167023722737,3.832123220140401e-42,1.0,1.0,2,1,2,2,1
92,3,3,6,94,165,259,4,0.09535066981875492,0.10638297872340428,7.474621054095395e-05,-3.379807776415831e-21,-5.264568957981263e-20,0.0020144980852078724,0.013345053581603511,0.34615384615384615,0.5,0,0,3,0,4
93,6,3,9,18,3,21,3,0.12067819148936171,0.13356973995271867,9.49683548467743e-05,3.314811473023219e-21,-5.264568957981263e-20,0.0015145152332166382,0.07287561420232405,0.7647058823529411,0.9523809523809523,0,0,3,0,4
94,18,25,43,383,343,726,2,0.1320240043644299,0.14184397163120568,0.0026537958832791655,-1.953951370740401e-20,0.0,0.007109845887286835,6.712216902390083e-07,0.5694915254237288,0.5833333333333334,1,2,0,1,2
95,16,21,37,495,254,749,2,0.12259371833839919,0.1347517730496454,0.0007715772210453062,-1.9510590352394312e-19,1.6846620665540043e-18,0.010495465368589576,6.34355435129879e-07,0.7115384615384616,0.7666666666666667,1,2,0,1,2
96,19,19,38,647,1426,2073,2,0.13598519888991673,0.14184397163120568,0.0016711744295330924,0.08460136300725238,0.04728867421375348,0.008613052667306127,7.307821172471748e-11,0.6321167883211679,0.7,3,3,1,3,3
97,18,24,42,443,259,702,3,0.15762049500651323,0.17966903073286053,0.0009394804847826481,-1.2333698531782076e-19,-6.738648266216017e-18,0.007144699768341522,0.20824956692363947,0.665680473372781,0.6923076923076923,0,0,3,0,4
98,9,5,14,60,36,96,3,0.1331621423330888,0.14775413711583923,0.0015073773261757304,2.989829956060158e-20,-5.264568957981263e-20,0.003930326905010319,0.08686433558253795,0.5116279069767442,0.6388888888888888,0,0,3,0,4
99,15,19,34,381,138,519,3,0.14852700490998363,0.16903073286052012,0.00023695360701439728,-3.2446154653591977e-19,-6.738648266216017e-18,0.005601282737473883,0.1795891660534017,0.791970802919708,0.8666666666666667,0,0,3,0,4
100,13,15,28,1026,264,1290,2,0.1078503301540719,0.12056737588652482,0.000290422877808896,0.01653219430955548,0.061799285287096994,0.008557930538019136,5.6674368099741145e-11,0.7745901639344263,0.8666666666666667,3,3,1,3,3
101,6,14,20,57,151,208,2,0.07320162107396148,0.08156028368794327,0.00024231678486997635,-2.772782925418454e-20,1.3161422394953158e-20,0.004041669327082301,1.2406739973527957e-34,0.6494565217391305,0.6373626373626373,4,4,5,4,0
102,22,22,44,585,2814,3399,2,0.15602836879432624,0.15602836879432624,0.002901550422447078,-5.350495695279831e-19,8.423310332770021e-19,0.018962866480804495,7.840719487875399e-07,0.5836933045356372,0.6231884057971014,1,2,0,1,2
103,6,4,10,129,58,187,3,0.07067742724382489,0.08037825059101655,6.754474839581222e-05,-1.247929025138153e-21,1.0529137915962527e-19,0.008181002130459952,1.1774863596304922e-34,0.8690476190476191,0.9047619047619048,4,4,5,4,0
104,26,27,53,1318,3198,4516,2,0.1930851063829787,0.20921985815602837,0.006465270579571115,-4.0724473831495415e-18,2.0215944798648053e-17,0.025039615507226748,0.2677400826602171,0.5276957163958641,0.5763546798029556,0,0,3,0,4
105,14,14,28,505,60,565,2,0.11170212765957446,0.12411347517730496,0.00024516755899734626,0.0037418631076164177,0.04038589792245777,0.004155681293256556,5.954667429610713e-11,0.8142076502732241,0.8666666666666667,3,3,1,3,3
106,7,23,30,102,87,189,3,0.1245710363761153,0.13829787234042554,3.470897277888159e-05,3.6605918070719185e-20,-8.423310332770021e-19,0.002193795231491707,0.0967830513754484,0.7757009345794392,0.7984189723320159,0,0,3,0,4
107,7,6,13,219,36,255,3,0.09636139377119951,0.1099290780141844,0.0019540439667219385,-2.2722707666057203e-20,0.0,0.007539665285694692,8.210498375138463e-42,0.5067567567567568,0.5,2,1,2,2,1
108,1,2,3,13,3,16,1,0.009456264775413711,0.010638297872340425,0.0,-4.1597634171271766e-22,1.3161422394953158e-20,0.0017166932252248054,3.9099635481573896e-108,1.0,1.0,5,5,4,5,5
109,14,10,24,727,210,937,3,0.11442080378250591,0.1276595744680851,0.00016679495782839248,4.430148039240443e-19,-3.3693241331080085e-18,0.012419088678227623,5.551727939645153e-07,0.7921348314606742,0.9333333333333333,1,2,0,1,2
110,13,9,22,490,42,532,3,0.1078503301540719,0.12056737588652482,3.934009253158189e-05,0.0026333121131197432,0.03883877083619905,0.004260652731479118,5.960942001856128e-11,0.9144144144144144,0.9871794871794872,3,3,1,3,3
111,11,11,22,391,294,685,2,0.10811278325549213,0.1252955082742317,0.006476515561262001,-4.136364747905836e-20,0.0,0.01249014202831948,1.0559915394352005e-41,0.34841628959276016,0.3787878787878788,2,1,2,2,1
112,6,1,7,50,1,51,3,0.07067742724382489,0.08037825059101654,0.0,0.0,2.6322844789906316e-20,0.004582890174952298,1.0811111516759663e-34,0.8,0.9333333333333333,4,4,5,4,0
113,8,2,10,42,11,53,3,0.1245710363761153,0.14066193853427894,0.0,6.489230930718395e-20,0.0,0.0017588031577921482,0.09487017868471272,0.9069767441860465,1.0,0,0,3,0,4
114,2,2,4,11,10,21,3,0.0703591129123044,0.07919621749408984,0.0,-1.4975148301657836e-20,0.0,0.002794041477300307,1.9265957592986704e-42,1.0,1.0,2,1,2,2,1
115,3,0,3,5,0,5,0,0.11882002261280707,0.12647754137115838,0.0,0.0,-5.264568957981263e-20,0.0012316912584700412,0.04628888205642544,1.0,1.0,0,20,3,0,4
116,13,8,21,336,87,423,3,0.1107298101121025,0.12411347517730496,0.00010616185008282273,2.246272245248675e-20,0.0,0.007763918445224446,5.096484320290742e-07,0.801980198019802,0.9487179487179487,1,2,0,1,2
117,23,25,48,557,433,990,2,0.17961405244928255,0.19858156028368795,0.0052526858955653875,4.1355522941134296e-19,6.738648266216017e-18,0.009320152595053954,0.2431391494197799,0.5605239385727191,0.6210826210826211,0,0,3,0,4
118,0,1,1,0,2,2,3,0.0,0.0,0.0,-6.655621467403483e-21,0.0,0.0011819355538590524,1.7054310530407016e-161,0.0,0.0,2,23,2,2,1
119,14,13,27,312,45,357,3,0.11442080378250591,0.1276595744680851,0.0003159681560137487,-1.3311242934806965e-20,1.6846620665540043e-18,0.00469069924164287,5.682945745638171e-07,0.8441176470588235,0.8666666666666667,1,2,0,1,2
120,19,13,32,1002,492,1494,3,0.16090425531914893,0.18321513002364068,0.00023335708913663499,-2.2986852643044778e-18,-6.738648266216017e-18,0.01195448409055535,0.21869563725492908,0.7939958592132506,0.8947368421052632,0,0,3,0,4
121,4,1,5,250,1,251,3,0.10878034162421336,0.1205673758865248,0.0005100003793977464,1.9966864402210448e-20,0.0,0.004994884201488841,0.019404940375458986,0.2,0.3,0,0,3,0,4
122,7,3,10,210,287,497,4,0.08691419830343484,0.1046099290780142,0.00016673830503617735,5.012514917638248e-20,6.317482749577517e-19,0.008794676042705256,8.188796818545655e-42,0.6666666666666666,0.7619047619047619,2,1,2,2,1
123,16,14,30,759,548,1307,2,0.12259371833839919,0.1347517730496454,0.000428170838505185,-3.083424632945523e-20,0.0,0.012435381505373877,6.113547248135852e-07,0.75,0.8602941176470589,1,2,0,1,2
124,1,1,2,9,4,13,3,0.06819421713038736,0.07446808510638299,0.0,0.0,2.6322844789906316e-20,0.0015069251660975206,1.3890322185419655e-42,0.0,0.0,2,1,2,2,1
125,14,13,27,298,91,389,3,0.11442080378250591,0.1276595744680851,0.0001530749308104931,5.65727824729296e-20,-1.6846620665540043e-18,0.005460546324092368,5.61934273842869e-07,0.8672566371681416,0.9333333333333333,1,2,0,1,2
126,9,11,20,240,100,340,2,0.10074145712443586,0.11702127659574468,0.005448127241440312,-1.351338143835799e-19,-3.3693241331080085e-18,0.016818345424472244,7.234952599540594e-42,0.3873626373626374,0.4090909090909091,2,1,2,2,1
128,9,7,16,100,55,155,3,0.08198581560283688,0.09219858156028368,0.00017223910840932113,-7.007007732619792e-21,0.0,0.006925872951784713,1.690008380848766e-34,0.7610619469026548,0.9166666666666666,4,4,5,4,0
129,18,10,28,339,88,427,3,0.15762049500651323,0.17966903073286053,0.0004946838614275353,5.574082978950417e-19,3.3693241331080085e-18,0.0057693818145908285,0.20550775601676302,0.7418478260869565,0.8627450980392157,0,0,3,0,4
130,5,5,10,420,730,1150,3,0.11882160392798691,0.13002364066193853,0.0008102377612256032,-5.442218478627484e-18,-3.3693241331080085e-18,0.005910290150486719,0.03973610107679532,0.4,0.5,0,0,3,0,4
131,6,6,12,16,10,26,3,0.09033221351250467,0.09929078014184398,8.603914378990364e-05,-6.657246374988298e-21,-5.264568957981263e-20,0.0014075307427509948,2.657926820919058e-07,0.8333333333333334,0.8333333333333334,1,2,0,1,2
132,13,7,20,386,29,415,3,0.1107298101121025,0.12411347517730496,8.82687052899819e-06,-5.823668783978047e-21,-1.6846620665540043e-18,0.005556191615693722,5.298559201493702e-07,0.9754098360655737,1.0,1,2,0,1,2
133,6,6,12,33,66,99,3,0.08453133985048877,0.09456264775413711,4.2215467747382635e-06,0.003536488780769692,0.0006959278583094503,0.0017230710668719547,2.9060455021344955e-11,0.9666666666666667,1.0,3,3,1,3,3
134,12,7,19,212,102,314,3,0.13791793313069908,0.15721040189125296,1.055386693684566e-05,1.6306272595138534e-19,-1.6846620665540043e-18,0.003857782627614003,0.14610698138607744,0.9146341463414634,1.0,0,0,3,0,4
135,15,12,27,1154,258,1412,2,0.11583924349881797,0.1276595744680851,0.00020149922125606016,0.014887637724743639,0.061364485160282985,0.011782055496551706,6.580983533183674e-11,0.8171091445427728,0.9238095238095239,3,3,1,3,3
136,4,1,5,7,1,8,4,0.07266596907336356,0.08628841607565013,2.321850726106045e-05,-6.4996303392612135e-24,1.6451777993691448e-21,0.0027825775881100195,2.612444244701716e-42,0.4444444444444444,0.6666666666666666,2,1,2,2,1
137,4,15,19,14,77,91,3,0.11033434650455927,0.12174940898345157,0.00038942145325124045,-1.882812916677188e-19,-1.3161422394953158e-20,0.0021453635940244763,0.04098755047757603,0.6377245508982036,0.780952380952381,0,0,3,0,4
138,12,19,31,346,3312,3658,2,0.10425531914893615,0.11702127659574468,0.0014243893841158278,0.15589012661136906,0.017766502339116926,0.006157948472878449,4.8216337247750766e-11,0.6434878587196468,0.6842105263157895,3,3,1,3,3
139,16,23,39,526,442,968,3,0.15143929912390489,0.17257683215130026,0.000857693557414543,-1.12065326383474e-18,0.0,0.007923541560908562,0.1811643886261827,0.7213793103448276,0.8181818181818182,0,0,3,0,4
140,14,19,33,290,85,375,2,0.11442080378250591,0.1276595744680851,0.00035624189499569434,-5.990059320663134e-20,0.0,0.005185890132393325,5.607108105587745e-07,0.7776699029126214,0.8315789473684211,1,2,0,1,2
141,5,6,11,20,30,50,3,0.0820856317310218,0.0963356973995272,0.0003519764879947251,-5.493487562743578e-20,0.0,0.0024483128400031333,3.7002767749890455e-42,0.54,0.6,2,1,2,2,1
142,13,23,36,288,255,543,2,0.1107298101121025,0.12411347517730496,0.0007917885615454004,7.939623440924535e-20,-1.6846620665540043e-18,0.004833791996124996,5.364577099687312e-07,0.6790923824959482,0.6719367588932806,1,2,0,1,2
143,9,8,17,186,143,329,2,0.08198581560283688,0.09219858156028368,0.00018490374873353596,-2.1136797863277464e-20,-1.5793706873943792e-19,0.012937316369908006,1.6649409353109937e-34,0.7890625,0.8611111111111112,4,4,5,4,0
144,1,0,1,10,0,10,0,0.06865248226950355,0.07328605200945627,0.0,0.0,6.279577003187154e-05,0.0013220090360273429,4.419739625202382e-12,0.0,0.0,3,17,1,3,3
145,14,18,32,575,325,900,2,0.11170212765957446,0.12411347517730496,0.001658745537924869,0.01980291263787181,0.04758471738752543,0.005355352525402774,6.187661071749593e-11,0.7153209109730849,0.6900584795321637,3,3,1,3,3
