Metric,Full,Dept1,Dept2,Dept3,Dept4
Nodes,986.0,309.0,162.0,89.0,142.0
Edges,24929.0,3031.0,1772.0,1506.0,1375.0
AverageDegree,25.28296146044625,9.809061488673139,10.938271604938272,16.921348314606742,9.683098591549296
AvgTotalDegree(in+out),50.5659229208925,19.618122977346278,21.876543209876544,33.842696629213485,19.366197183098592
AvgWeightedDegree,337.052738336714,197.5598705501618,288.71604938271605,137.25842696629215,339.0211267605634
NetworkDiameter,7.0,6.0,4.0,4.0,4.0
Radius,1.0,1.0,1.0,2.0,1.0
AvgPathLength,2.6528193693062723,2.100131569835884,1.5738544474393532,1.905638665132336,1.72010550996483
ReachablePairsShare,0.8159193171404743,0.151735804648426,0.14224369296833064,0.8876404494382022,0.1704125461991809
LargestSCCDiameter,6.0,5.0,3.0,4.0,3.0
LargestSCCAvgPathLength,2.5474824768713336,2.1897400820793433,1.4475806451612903,1.856053229470951,1.661319073083779
GraphDensity,0.025667981178118016,0.031847602235951754,0.06793957518595199,0.19228804902962207,0.06867445809609429
WeaklyConnectedComponents,1.0,9.0,6.0,1.0,6.0
StronglyConnectedComponents,184.0,81.0,45.0,11.0,24.0
LargestWCCShare,1.0,0.3268608414239482,0.2839506172839506,1.0,0.2676056338028169
LargestSCCShare,0.8144016227180527,0.2783171521035599,0.19753086419753085,0.8876404494382022,0.23943661971830985
LouvainModularity,0.6856375346307422,0.7931527900378941,0.7080549507359044,0.42974862014946846,0.7282313275966268
LouvainCommunities,13.0,11.0,7.0,7.0,6.0
LouvainLargestCommunity,239.0,101.0,32.0,26.0,38.0
GreedyModularityModularity,0.6745451469591882,0.7931527900378941,0.6929373719325101,0.41107860237510446,0.7282313275966268
GreedyModularityCommunities,13.0,11.0,7.0,7.0,6.0
GreedyModularityLargestCommunity,249.0,101.0,32.0,28.0,38.0
LabelPropagationModularity,0.045302837459321815,0.789788802753518,0.6914367500127938,0.0,0.7282313275966268
LabelPropagationCommunities,2.0,14.0,6.0,1.0,6.0
LabelPropagationLargestCommunity,914.0,101.0,46.0,89.0,38.0
AvgClusteringCoefficient,0.3727075757887645,0.5202452540706688,0.7061012091166058,0.4654044689497288,0.6598537988779556
UndirectedAvgClustering,0.40705044751953867,0.5727568551431087,0.7257979348202142,0.5200920200992158,0.7159674696332432
UndirectedTransitivity,0.26739242877040204,0.5351762541639735,0.7208433999560729,0.45713575158986747,0.7351805587099705
Triangles(undirected),105461.0,7176.0,4376.0,4289.0,3237.0
Reciprocity,0.7112198644149385,0.721214120752227,0.8205417607223476,0.7078353253652059,0.7883636363636364
DegreeAssortativity(out-in),-0.013708196001959638,0.03561522784795444,0.17143393779042762,-0.13870044805722956,0.1750748881931002
MaxKCore(undirected),34.0,17.0,15.0,17.0,15.0
EmailEvents,332334.0,61046.0,46772.0,12216.0,48141.0
TimeSpanDays,803.9265509259259,803.7571527777778,803.7121180555556,802.2867708333333,803.4633217592593
SelfLoops,0.0,0.0,0.0,0.0,0.0
AvgEigenvectorCentrality,0.02009316255688305,0.02476990978348486,0.03508376395115045,0.0925173919113929,0.0371853531324812
AvgBetweennessCentrality,0.0013704951739440274,0.0005437438077139542,0.0005101698489379648,0.009240017376398625,0.0008765358106083307
AvgClosenessCentrality,0.3138963353964808,0.07605802751460956,0.09408406556921853,0.4739441377715792,0.10439389772088088
