node,degree,weighted_degree,betweenness,pagerank
60,93,1214,0.0660673758919921,0.043530940623516444
54,68,1252,0.020258585773100204,0.04268788592664302
25,94,865,0.05707396335393397,0.035653800909621884
16,42,565,0.0064592800295013636,0.03254751233637355
24,58,798,0.014215881231762097,0.027318021059769357
52,54,572,0.011013231955494895,0.026849377893039317
49,98,931,0.06003115722365868,0.02666089784627277
48,65,766,0.04004155784266345,0.023547038666114052
70,20,380,0.013077602357938208,0.02329441766523179
35,83,705,0.0379594165804313,0.022947234133462058
4,81,518,0.041154634236159914,0.02021549396918497
19,28,329,0.0034171872955139735,0.0192048054229062
0,22,732,0.004757564413878512,0.018819766249794263
1,52,399,0.015220485138118137,0.01873923227213922
71,38,1113,0.004686467893025201,0.01787922043181873
85,64,384,0.04535369870829903,0.017706164915863944
26,39,714,0.00610624466447503,0.017688096943368824
64,34,270,0.00445515926527193,0.017280051645077475
43,55,516,0.01960558724114573,0.016618780160962795
57,49,634,0.006467786765265059,0.016452779542255193
66,38,485,0.004122916000331843,0.016113474025163083
80,61,463,0.029152373082886776,0.016112325196065154
15,19,220,0.0013689411021929917,0.015873152969373718
88,63,475,0.03697395734041197,0.015513552293690643
73,62,363,0.020245646703854644,0.015254321314081516
23,65,507,0.024099540076653884,0.014687210146789292
30,73,351,0.029646884896400855,0.014103805141482156
56,28,269,0.001943633267866835,0.013268642514177264
46,38,291,0.004748990257984867,0.013027237567849327
17,38,183,0.006060180433067839,0.012944249520936832
14,41,491,0.010822551309494421,0.012709120272322513
39,57,293,0.019709703590424132,0.01222252045177645
63,41,195,0.0050295678026237665,0.01207771865557012
44,56,250,0.01339128322373531,0.01202646306330399
87,67,311,0.02462792403510813,0.011880887434165046
67,36,297,0.005618838631783692,0.011692524173552337
83,49,382,0.008406161840057212,0.011624310645661374
8,27,333,0.0017966469403316787,0.011563311906498959
11,50,228,0.0069004152870302034,0.010709449535340103
62,32,213,0.0021802432731841924,0.00957384982444178
38,18,237,0.0019095970180825607,0.009467799787750182
58,55,208,0.014112937909384036,0.009452956469045396
82,13,263,0.0006440179104053832,0.008363425194719849
37,34,98,0.006838303135566749,0.00787907674584602
9,25,86,0.001619164386057739,0.007699971181840955
65,25,126,0.0014500417640564733,0.007692340825576385
76,34,164,0.0035968831119527244,0.007663563130127888
84,25,117,0.0016363733019183315,0.007352660240457404
45,19,102,0.0011774540552703593,0.006994631787918043
47,25,93,0.0035392623868917817,0.006916979802860725
7,31,116,0.0023672356346132826,0.006709034693233595
61,46,112,0.011046788586188816,0.006656253896660256
27,10,113,0.0,0.006628564438071112
22,30,88,0.004155151243397994,0.006610539123895383
12,27,109,0.000483128361336958,0.006111825763331068
13,26,83,0.0022018578519897576,0.006087522115086118
18,35,168,0.004668163588959935,0.006067709885967965
42,15,93,0.0006917482331986686,0.006044009729677879
32,26,115,0.001762796620977709,0.005984972832125648
50,29,117,0.0013494069876258247,0.0059844897903106745
21,31,93,0.0017931309357138924,0.005839977751992445
77,33,378,0.0050517380140698565,0.005826066968734755
55,29,102,0.003280497649899066,0.005694018870117736
33,24,143,0.0032922116350507552,0.005558705202576233
78,23,66,0.0006716981693911504,0.005248448285899945
74,18,45,0.0016846070098162755,0.00498448676786555
59,11,51,0.0,0.004979591610915876
53,15,47,0.00012895584600328047,0.004785504489305594
10,15,87,0.0008698012407173032,0.00461983189273463
89,16,49,0.0003867232834906696,0.004343007244368855
29,23,71,0.0010731490515416783,0.004155686768119148
5,14,40,0.00019014047561424319,0.004101878533659154
68,6,18,0.0,0.003898877264178974
69,17,52,0.0009660902656877632,0.003759478180203269
2,26,110,0.0015939887631032808,0.003694757918162939
81,11,24,0.0,0.0036792143226870334
3,9,30,0.00017611333696712061,0.003640014307381114
31,11,35,0.0005920410340004522,0.003558122753122652
86,12,30,0.0001678331778906492,0.0033358695738345745
28,5,10,0.0,0.003002847550770033
72,3,13,0.0,0.0027673565348762183
51,15,28,0.0009087346200436246,0.002594161404363431
34,2,13,0.0,0.002401252254975039
40,2,4,0.0,0.002192445566633144
36,7,19,0.0,0.002107156055412906
6,1,1,0.0,0.0020702289367470865
75,5,6,1.4512945547428306e-05,0.0020702289367470865
41,1,1,0.0,0.0020549268659732557
79,1,1,0.0,0.002047884487481408
