Day,Dept1,Dept2,Dept3,Dept4,Total,Rolling7,Month
0,249,146,39,125,559,,M01
1,116,61,16,142,335,,M01
2,107,75,47,108,337,,M01
3,236,75,31,107,449,2117.0,M01
4,162,73,32,139,406,1917.0,M01
5,1,5,1,1,8,1897.0,M01
6,6,13,1,3,23,1914.0,M01
7,122,88,10,139,359,1777.0,M01
8,93,79,28,115,315,1480.0,M01
9,101,112,35,106,354,1517.0,M01
10,91,72,35,114,312,1850.0,M01
11,10,63,1,35,109,1871.0,M01
12,8,33,0,4,45,1952.0,M01
13,112,84,26,134,356,1900.0,M01
14,126,112,33,109,380,1968.0,M01
15,121,140,27,108,396,1863.0,M01
16,99,111,47,45,302,1848.0,M01
17,117,116,32,115,380,1811.0,M01
18,1,1,0,2,4,1786.0,M01
19,12,7,0,11,30,1758.0,M01
20,133,73,36,77,319,1897.0,M01
21,146,97,33,79,355,1794.0,M01
22,112,92,33,131,368,1847.0,M01
23,156,110,27,148,441,1901.0,M01
24,114,69,19,75,277,2066.0,M01
25,3,49,2,3,57,2053.0,M01
26,0,75,2,7,84,2015.0,M01
27,214,110,20,140,484,1990.0,M01
28,115,79,16,132,342,2000.0,M01
29,127,42,15,146,330,1954.0,M01
30,105,121,34,156,416,1895.0,M02
31,80,84,34,89,287,1917.0,M02
32,4,3,1,3,11,1962.0,M02
33,7,4,0,14,25,2045.0,M02
34,220,110,22,154,506,2023.0,M02
35,110,123,28,126,387,2214.0,M02
36,143,96,20,154,413,2216.0,M02
37,102,72,11,209,394,2223.0,M02
38,141,142,15,180,478,1722.0,M02
39,6,2,0,5,13,1790.0,M02
40,17,6,0,9,32,1836.0,M02
41,0,2,0,3,5,1874.0,M02
42,140,153,20,142,455,1826.0,M02
43,173,103,24,159,459,2248.0,M02
44,168,141,55,68,432,2239.0,M02
45,165,117,25,123,430,2283.0,M02
46,172,158,42,63,435,2206.0,M02
47,9,4,2,8,23,2103.0,M02
48,4,12,7,26,49,2147.0,M02
49,109,122,33,114,378,2012.0,M02
50,73,127,32,124,356,1923.0,M02
51,101,130,72,173,476,1923.0,M02
52,93,56,21,125,295,1919.0,M02
53,92,130,20,104,346,1924.0,M02
54,7,10,1,5,23,2020.0,M02
55,24,10,1,10,45,2015.0,M02
56,108,94,70,111,383,2224.0,M02
57,230,91,21,110,452,2286.0,M02
58,141,107,30,193,471,2320.0,M02
59,127,124,44,209,504,2299.0,M02
60,110,152,17,129,408,2285.0,M03
61,4,10,0,43,57,2137.0,M03
62,11,4,1,8,24,1896.0,M03
63,111,87,38,133,369,1402.0,M03
64,77,50,51,126,304,1005.0,M03
65,55,46,16,113,230,948.0,M03
66,1,8,0,1,10,924.0,M03
67,3,7,0,1,11,555.0,M03
68,0,0,0,0,0,251.0,M03
69,0,0,0,0,0,26.0,M03
70,0,0,0,0,0,17.0,M03
71,0,0,0,0,0,21.0,M03
72,3,0,2,0,5,32.0,M03
73,0,1,0,0,1,393.0,M03
74,5,9,1,0,15,766.0,M03
75,5,5,0,1,11,1138.0,M03
76,99,108,32,122,361,1475.0,M03
77,146,97,51,79,373,1816.0,M03
78,133,89,26,124,372,1818.0,M03
79,114,84,16,128,342,1845.0,M03
80,100,60,45,137,342,1831.0,M03
81,3,5,2,7,17,1812.0,M03
82,4,6,0,28,38,1924.0,M03
83,91,124,23,109,347,2012.0,M03
84,131,96,23,104,354,2060.0,M03
85,154,139,46,145,484,2060.0,M03
86,150,79,20,181,430,2043.0,M03
87,83,108,44,155,390,2098.0,M03
88,5,1,0,11,17,2093.0,M03
89,7,4,0,10,21,2087.0,M03
90,112,86,44,160,402,1958.0,M04
91,148,54,55,92,349,1988.0,M04
92,224,59,16,179,478,2004.0,M04
93,145,73,25,58,301,2030.0,M04
94,180,49,21,170,420,1983.0,M04
95,14,11,0,8,33,2034.0,M04
96,11,26,0,10,47,1898.0,M04
97,115,129,16,95,355,1899.0,M04
98,125,53,26,196,400,1785.0,M04
99,186,67,23,66,342,1768.0,M04
100,117,65,44,76,302,1771.0,M04
101,114,75,35,82,306,1897.0,M04
102,6,3,0,7,16,1857.0,M04
103,13,16,0,21,50,1919.0,M04
104,125,127,36,193,481,1951.0,M04
105,148,66,36,110,360,2098.0,M04
106,164,73,28,139,404,2105.0,M04
107,141,40,15,138,334,2110.0,M04
108,129,64,17,243,453,2032.0,M04
109,4,2,0,17,23,2050.0,M04
110,18,29,0,8,55,2165.0,M04
111,180,106,14,103,403,2218.0,M04
112,129,88,28,133,378,2238.0,M04
113,174,137,36,172,519,2294.0,M04
114,96,119,36,136,387,2256.0,M04
115,187,117,32,137,473,2298.0,M04
116,12,35,0,32,79,2346.0,M04
117,3,5,0,9,17,2270.0,M04
118,188,113,17,127,445,2150.0,M04
119,152,102,24,148,426,2002.0,M04
120,183,113,17,130,443,1928.0,M05
121,71,102,16,78,267,1947.0,M05
122,130,70,36,89,325,1955.0,M05
123,3,1,1,0,5,1969.0,M05
124,14,13,0,9,36,1919.0,M05
125,151,125,38,139,453,2164.0,M05
126,206,96,23,115,440,2200.0,M05
127,213,103,22,55,393,2223.0,M05
128,235,107,16,154,512,2292.0,M05
129,195,89,5,72,361,1839.0,M05
130,15,4,0,9,28,1416.0,M05
131,34,60,0,11,105,1472.0,M05
132,0,0,0,0,0,1312.0,M05
133,0,13,0,4,17,1419.0,M05
134,211,147,18,73,449,1734.0,M05
135,145,97,12,98,352,2066.0,M05
136,184,119,45,120,468,2150.0,M05
137,128,108,14,93,343,2176.0,M05
138,126,152,21,138,437,2134.0,M05
139,15,64,0,5,84,2178.0,M05
140,25,13,1,4,43,2149.0,M05
141,141,102,17,147,407,2218.0,M05
142,117,76,14,189,396,2100.0,M05
143,123,149,22,145,439,2044.0,M05
144,135,145,25,107,412,2060.0,M05
145,88,131,24,76,319,2092.0,M05
146,5,16,2,5,28,2257.0,M05
147,11,42,0,6,59,2197.0,M05
148,126,127,28,158,439,2319.0,M05
149,280,125,24,132,561,2560.0,M05
150,130,107,22,120,379,2566.0,M06
151,221,154,18,141,534,2540.0,M06
152,205,182,26,147,560,2427.0,M06
153,5,25,0,4,34,2306.0,M06
154,8,20,1,4,33,2391.0,M06
155,169,29,8,120,326,2385.0,M06
156,208,100,32,100,440,2261.0,M06
157,226,110,22,106,464,2266.0,M06
158,172,190,34,132,528,2262.0,M06
159,158,125,21,132,436,2527.0,M06
160,0,29,1,9,39,2971.0,M06
161,4,18,0,7,29,3225.0,M06
162,257,169,25,140,591,2710.0,M06
163,317,158,53,356,884,2319.0,M06
164,246,170,62,240,718,2823.0,M06
165,6,3,0,4,13,3171.0,M06
166,0,42,0,3,45,3177.0,M06
167,187,126,51,179,543,2818.0,M06
168,131,88,16,142,377,2556.0,M06
169,203,175,30,189,597,2627.0,M06
170,94,211,57,163,525,2595.0,M06
171,165,126,35,130,456,2077.0,M06
172,8,49,0,27,84,2276.0,M06
173,7,6,0,0,13,2035.0,M06
174,1,22,2,0,25,1914.0,M06
175,289,96,24,167,576,1953.0,M06
176,117,81,33,125,356,1896.0,M06
177,181,96,33,94,404,1940.0,M06
178,179,141,59,116,495,2498.0,M06
179,10,7,1,9,27,2469.0,M06
180,8,42,0,7,57,2544.0,M07
181,287,115,50,131,583,2659.0,M07
182,190,115,23,219,547,2561.0,M07
183,145,99,36,151,431,2614.0,M07
184,198,139,30,152,519,2603.0,M07
185,157,95,45,100,397,2086.0,M07
186,11,21,39,9,80,1583.0,M07
187,5,37,0,4,46,1403.0,M07
188,28,36,1,1,66,1225.0,M07
189,13,26,3,2,44,1071.0,M07
190,113,86,21,31,251,991.0,M07
191,118,133,19,71,341,967.0,M07
192,60,132,11,40,243,942.0,M07
193,0,0,0,0,0,1642.0,M07
194,7,12,0,3,22,1790.0,M07
195,17,18,0,6,41,1873.0,M07
196,345,159,67,173,744,2043.0,M07
197,122,115,34,128,399,2498.0,M07
198,165,134,55,70,424,2525.0,M07
199,104,138,63,108,413,2551.0,M07
200,178,100,47,130,455,2394.0,M07
201,6,7,7,29,49,2372.0,M07
202,6,47,2,12,67,2358.0,M07
203,227,103,68,189,587,2329.0,M07
204,140,102,46,89,377,2392.0,M07
205,149,47,69,145,410,2387.0,M07
206,128,72,54,130,384,2403.0,M07
207,187,137,70,124,518,2363.0,M07
208,7,18,1,18,44,2575.0,M07
209,2,76,1,4,83,2626.0,M07
210,230,99,40,178,547,2738.0,M08
211,229,118,37,205,589,2680.0,M08
212,160,117,28,156,461,2714.0,M08
213,147,180,34,135,496,2678.0,M08
214,163,129,38,130,460,3067.0,M08
215,7,25,43,3,78,2832.0,M08
216,6,17,3,21,47,2756.0,M08
217,429,151,42,314,936,2760.0,M08
218,98,100,51,105,354,2720.0,M08
219,125,103,36,121,385,2662.0,M08
220,193,128,55,124,500,2678.0,M08
221,142,78,78,122,420,2707.0,M08
222,5,10,2,3,20,2827.0,M08
223,13,10,12,28,63,2914.0,M08
224,376,312,44,233,965,2993.0,M08
225,169,156,31,118,474,2629.0,M08
226,155,141,36,140,472,2730.0,M08
227,233,207,39,100,579,3323.0,M08
228,10,17,0,29,56,2867.0,M08
229,27,46,7,41,121,2853.0,M08
230,233,169,63,191,656,2785.0,M08
231,191,151,62,105,509,2513.0,M08
232,125,156,45,134,460,2537.0,M08
233,128,92,30,154,404,2576.0,M08
234,125,74,27,81,307,3060.0,M08
235,36,18,2,24,80,3617.0,M08
236,60,82,2,16,160,3959.0,M08
237,540,296,66,238,1140,4633.0,M08
238,482,358,44,182,1066,4989.0,M08
239,224,278,82,218,802,4920.0,M08
240,358,286,68,366,1078,4799.0,M09
241,210,216,55,182,663,4042.0,M09
242,10,1,0,0,11,3430.0,M09
243,4,10,4,21,39,3085.0,M09
244,165,79,37,102,383,2412.0,M09
245,215,80,53,106,454,1865.0,M09
246,160,167,34,96,457,1920.0,M09
247,166,75,40,124,405,1964.0,M09
248,56,54,5,1,116,1940.0,M09
249,40,19,2,5,66,1923.0,M09
250,43,35,3,2,83,1929.0,M09
251,155,112,22,70,359,1531.0,M09
252,199,147,20,71,437,1985.0,M09
253,154,191,17,101,463,2455.0,M09
254,1,3,0,3,7,2414.0,M09
255,241,232,30,67,570,2140.0,M09
256,184,169,33,150,536,2181.0,M09
257,10,27,0,5,42,2151.0,M09
258,13,49,16,7,85,2485.0,M09
259,121,209,55,93,478,2264.0,M09
260,144,185,36,68,433,2000.0,M09
261,110,118,40,73,341,2007.0,M09
262,159,87,26,77,349,1963.0,M09
263,70,60,19,123,272,1820.0,M09
264,16,29,2,2,49,1787.0,M09
265,13,20,1,7,41,1772.0,M09
266,91,133,22,89,335,1717.0,M09
267,86,110,28,176,400,1689.0,M09
268,101,74,20,131,326,1656.0,M09
269,143,61,30,60,294,1656.0,M09
270,78,81,19,66,244,1570.0,M10
271,13,3,0,0,16,1508.0,M10
272,6,31,4,0,41,1456.0,M10
273,115,75,17,42,249,1329.0,M10
274,111,93,25,109,338,1330.0,M10
275,81,92,28,73,274,1333.0,M10
276,53,48,23,43,167,1308.0,M10
277,59,63,42,81,245,1293.0,M10
278,10,3,1,5,19,1178.0,M10
279,1,5,1,9,16,1119.0,M10
280,94,44,18,78,234,1151.0,M10
281,78,54,10,81,223,1077.0,M10
282,73,48,8,86,215,1096.0,M10
283,41,47,14,97,199,1318.0,M10
284,55,45,11,60,171,1264.0,M10
285,13,17,6,2,38,1234.0,M10
286,76,77,12,73,238,1220.0,M10
287,75,58,8,39,180,1212.0,M10
288,47,86,7,53,193,1053.0,M10
289,63,79,14,45,201,1065.0,M10
290,64,85,4,38,191,1030.0,M10
291,7,3,0,2,12,1103.0,M10
292,44,4,0,2,50,1119.0,M10
293,81,48,23,51,203,1156.0,M10
294,152,33,6,62,253,1208.0,M10
295,109,60,4,36,209,1201.0,M10
296,83,45,8,102,238,1171.0,M10
297,61,58,14,110,243,1216.0,M10
298,2,1,0,2,5,1234.0,M10
299,13,5,0,2,20,1253.0,M10
300,103,52,17,76,248,1282.0,M11
301,69,97,20,85,271,1330.0,M11
302,66,44,38,80,228,1344.0,M11
303,56,67,19,125,267,1335.0,M11
304,38,89,24,140,291,1579.0,M11
305,7,3,0,9,19,1535.0,M11
306,3,1,0,7,11,1559.0,M11
307,332,45,41,74,492,1618.0,M11
308,76,61,23,67,227,1672.0,M11
309,60,54,17,121,252,1661.0,M11
310,83,98,27,118,326,1669.0,M11
311,164,90,23,68,345,1474.0,M11
312,4,1,2,1,8,1697.0,M11
313,11,5,0,3,19,1884.0,M11
314,91,79,46,81,297,2007.0,M11
315,148,111,37,154,450,2103.0,M11
316,184,113,15,127,439,2143.0,M11
317,112,164,15,158,449,2155.0,M11
318,134,165,27,115,441,2322.0,M11
319,10,15,19,4,48,2303.0,M11
320,10,10,1,10,31,2268.0,M11
321,157,96,40,171,464,2243.0,M11
322,176,144,18,93,431,2309.0,M11
323,150,131,22,101,404,2283.0,M11
324,172,120,20,112,424,2285.0,M11
325,174,144,46,143,507,2325.0,M11
326,6,5,0,11,22,2419.0,M11
327,4,26,0,3,33,2510.0,M11
328,162,148,32,162,504,2512.0,M11
329,155,177,16,177,525,2568.0,M11
330,127,248,18,102,495,2562.0,M12
331,168,114,44,100,426,2607.0,M12
332,192,188,75,108,563,2517.0,M12
333,5,7,1,3,16,2362.0,M12
334,17,41,0,20,78,2279.0,M12
335,190,76,58,90,414,2245.0,M12
336,143,86,32,109,370,2171.0,M12
337,208,77,30,97,412,2201.0,M12
338,187,82,50,73,392,2206.0,M12
339,198,122,72,97,489,2234.0,M12
340,31,2,1,12,46,2180.0,M12
341,6,71,4,2,83,2192.0,M12
342,238,121,38,45,442,2363.0,M12
343,134,103,31,48,316,1893.0,M12
344,159,179,37,49,424,2285.0,M12
345,223,103,42,195,563,2257.0,M12
346,1,14,0,4,19,1866.0,M12
347,170,94,14,160,438,2124.0,M12
348,18,24,1,12,55,2417.0,M12
349,10,28,5,8,51,2390.0,M12
350,225,154,33,162,574,2766.0,M12
351,347,113,35,222,717,2767.0,M12
352,180,152,39,165,536,2750.0,M12
353,104,158,40,93,395,2745.0,M12
354,215,100,32,92,439,2747.0,M12
355,4,26,0,8,38,2416.0,M12
356,8,30,0,8,46,2378.0,M12
357,204,78,40,254,576,2437.0,M12
358,108,77,23,178,386,2437.0,M12
359,199,68,46,185,498,2459.0,M12
360,141,64,43,206,454,2494.0,M13
361,169,108,55,107,439,2471.0,M13
362,12,45,0,3,60,2589.0,M13
363,15,41,2,23,81,2619.0,M13
364,155,117,22,259,553,2723.0,M13
365,206,110,32,156,504,2810.0,M13
366,175,167,38,148,528,2781.0,M13
367,275,92,48,143,558,2730.0,M13
368,188,149,30,159,526,2805.0,M13
369,3,15,6,7,31,2884.0,M13
370,8,18,0,4,30,3243.0,M13
371,265,141,60,162,628,3199.0,M13
372,219,234,23,107,583,3430.0,M13
373,394,219,48,226,887,3466.0,M13
374,155,176,31,152,514,3561.0,M13
375,275,242,22,218,757,3509.0,M13
376,9,52,3,3,67,3578.0,M13
377,37,49,1,38,125,3246.0,M13
378,167,132,26,251,576,2993.0,M13
379,292,137,22,201,652,2297.0,M13
380,152,216,52,135,555,2307.0,M13
381,76,89,31,65,261,2814.0,M13
382,24,33,2,2,61,2889.0,M13
383,18,45,3,11,77,3148.0,M13
384,192,158,44,238,632,3531.0,M13
385,227,166,80,178,651,3781.0,M13
386,380,167,88,276,911,3754.0,M13
387,315,247,95,281,938,3734.0,M13
388,161,142,40,168,511,3622.0,M13
389,10,10,1,13,34,3560.0,M13
390,16,26,1,14,57,3283.0,M14
391,119,221,34,146,520,2444.0,M14
392,226,156,54,153,589,2021.0,M14
393,329,122,40,143,634,2003.0,M14
394,68,15,9,7,99,1966.0,M14
395,51,20,2,15,88,1549.0,M14
396,4,8,0,4,16,1029.0,M14
397,12,3,0,5,20,476.0,M14
398,52,42,2,7,103,487.0,M14
399,51,14,0,4,69,516.0,M14
400,55,22,2,2,81,514.0,M14
401,61,46,1,2,110,506.0,M14
402,80,37,0,0,117,526.0,M14
403,7,3,0,4,14,520.0,M14
404,7,4,0,1,12,439.0,M14
405,98,18,1,6,123,408.0,M14
406,29,25,2,7,63,349.0,M14
407,0,0,0,0,0,418.0,M14
408,51,24,0,4,79,409.0,M14
409,25,28,4,1,58,301.0,M14
410,53,27,0,3,83,321.0,M14
411,2,1,0,0,3,407.0,M14
412,10,5,0,0,15,414.0,M14
413,47,29,0,7,83,454.0,M14
414,48,27,0,11,86,460.0,M14
415,48,35,2,1,86,468.0,M14
416,56,32,0,10,98,471.0,M14
417,59,27,0,3,89,573.0,M14
418,8,3,0,0,11,588.0,M14
419,11,4,1,2,18,921.0,M14
420,141,28,0,16,185,1413.0,M15
421,61,29,0,11,101,2259.0,M15
422,189,99,21,110,419,2303.0,M15
423,173,186,37,194,590,2326.0,M15
424,433,199,34,269,935,2900.0,M15
425,18,19,0,18,55,3401.0,M15
426,6,30,2,3,41,3542.0,M15
427,305,137,43,274,759,3654.0,M15
428,328,106,22,146,602,3089.0,M15
429,189,139,90,142,560,3034.0,M15
430,361,166,24,151,702,2993.0,M15
431,168,113,19,70,370,2246.0,M15
432,0,0,0,0,0,1652.0,M15
433,0,0,0,0,0,1127.0,M15
434,7,2,1,2,12,441.0,M15
435,6,0,0,2,8,128.0,M15
436,13,17,1,4,35,187.0,M15
437,8,0,2,6,16,747.0,M15
438,12,37,3,5,57,1284.0,M15
439,12,41,1,5,59,1872.0,M15
440,261,111,35,153,560,2406.0,M15
441,204,115,37,193,549,2936.0,M15
442,201,199,53,143,596,2936.0,M15
443,134,154,51,230,569,2963.0,M15
444,232,113,48,153,546,3012.0,M15
445,8,41,1,7,57,3032.0,M15
446,37,10,3,36,86,2944.0,M15
447,214,115,61,219,609,3068.0,M15
448,187,138,26,218,569,3143.0,M15
449,163,119,55,171,508,3136.0,M15
450,212,127,33,321,693,3102.0,M16
451,333,81,66,141,621,3208.0,M16
452,7,41,0,2,50,3392.0,M16
453,4,32,4,12,52,3620.0,M16
454,234,190,24,267,715,3515.0,M16
455,271,137,36,309,753,3394.0,M16
456,315,160,63,198,736,3398.0,M16
457,182,199,42,165,588,3433.0,M16
458,134,203,56,107,500,3458.0,M16
459,11,33,7,3,54,3293.0,M16
460,13,62,2,10,87,3197.0,M16
461,269,201,68,202,740,3187.0,M16
462,227,153,46,162,588,3250.0,M16
463,186,222,53,179,640,3301.0,M16
464,194,205,31,148,578,3280.0,M16
465,159,205,61,138,563,3352.0,M16
466,10,89,1,5,105,3367.0,M16
467,19,37,3,7,66,3329.0,M16
468,324,238,42,208,812,3475.0,M16
469,173,212,27,191,603,3502.0,M16
470,209,203,33,157,602,3439.0,M16
471,398,209,16,101,724,3394.0,M16
472,192,144,22,232,590,3001.0,M16
473,14,15,7,6,42,2477.0,M16
474,9,9,2,1,21,2545.0,M16
475,136,136,21,126,419,2415.0,M16
476,30,44,2,3,79,2328.0,M16
477,196,212,40,222,670,2328.0,M16
478,152,86,65,291,594,2374.0,M16
479,195,107,24,177,503,2766.0,M16
480,12,21,0,9,42,3400.0,M17
481,13,40,1,13,67,3464.0,M17
482,326,207,47,231,811,3579.0,M17
483,212,264,65,172,713,3721.0,M17
484,238,265,37,194,734,3721.0,M17
485,269,177,96,167,709,3773.0,M17
486,176,242,78,149,645,3697.0,M17
487,16,22,1,3,42,3565.0,M17
488,14,92,1,12,119,3476.0,M17
489,307,216,62,150,735,3355.0,M17
490,220,220,36,105,581,3375.0,M17
491,226,164,84,171,645,3365.0,M17
492,160,198,53,177,588,3329.0,M17
493,273,164,32,196,665,3170.0,M17
494,9,8,5,10,32,2589.0,M17
495,6,70,2,5,83,1944.0,M17
496,204,166,59,147,576,1369.0,M17
497,0,0,0,0,0,1207.0,M17
498,0,0,0,0,0,1624.0,M17
499,0,9,0,4,13,2208.0,M17
500,161,201,24,117,503,2120.0,M17
501,82,182,25,160,449,2152.0,M17
502,308,180,26,153,667,2244.0,M17
503,211,129,51,97,488,3202.0,M17
504,11,18,1,2,32,3461.0,M17
505,14,65,0,13,92,3554.0,M17
506,291,238,44,398,971,3412.0,M17
507,246,199,79,238,762,3410.0,M17
508,181,151,48,162,542,3436.0,M17
509,204,111,28,182,525,3514.0,M17
510,196,118,54,118,486,3223.0,M18
511,6,49,0,3,58,3024.0,M18
512,18,136,3,13,170,3218.0,M18
513,225,227,52,176,680,3228.0,M18
514,177,224,37,125,563,3362.0,M18
515,341,173,72,150,736,3360.0,M18
516,193,179,46,117,535,3260.0,M18
517,265,167,42,146,620,3154.0,M18
518,9,44,1,2,56,3432.0,M18
519,13,44,3,10,70,3473.0,M18
520,234,190,33,117,574,3547.0,M18
521,308,190,32,311,841,3353.0,M18
522,312,169,39,257,777,3334.0,M18
523,205,158,55,191,609,3293.0,M18
524,99,141,29,157,426,2725.0,M18
525,1,35,0,1,37,,M18
526,11,17,0,1,29,,M18
527,1,5,0,0,6,,M18
