Department,Month,MonthIdx,ActiveNodes,Edges,EmailVolume,Density,AvgDegree,LargestWCC_pct
Dept1,M01,1,219,810,3010,0.016966,7.3973,31.05
Dept1,M02,2,212,803,2871,0.017951,7.5755,28.77
Dept1,M03,3,209,570,1605,0.013112,5.4545,33.01
Dept1,M04,4,225,873,3360,0.017321,7.76,30.67
Dept1,M05,5,211,809,3310,0.018258,7.6682,34.6
Dept1,M06,6,224,852,3904,0.017056,7.6071,36.61
Dept1,M07,7,215,758,3123,0.016475,7.0512,33.95
Dept1,M08,8,225,936,5061,0.018571,8.32,34.22
Dept1,M09,9,205,750,3438,0.017934,7.3171,34.15
Dept1,M10,10,197,535,1758,0.013856,5.4315,29.44
Dept1,M11,11,202,700,2917,0.017241,6.9307,31.68
Dept1,M12,12,219,910,4019,0.019061,8.3105,32.88
Dept1,M13,13,230,954,4715,0.018113,8.2957,33.04
Dept1,M14,14,200,555,1683,0.013945,5.55,26.5
Dept1,M15,15,220,984,4071,0.020423,8.9455,30.91
Dept1,M16,16,229,1060,4808,0.020302,9.2576,32.75
Dept1,M17,17,225,1013,4390,0.020099,9.0044,31.11
Dept1,M18,18,205,696,2614,0.016643,6.7902,31.71
Dept1,M19,19,0,0,0,0.0,0.0,0.0
Dept1,M20,20,0,0,0,0.0,0.0,0.0
Dept1,M21,21,0,0,0,0.0,0.0,0.0
Dept1,M22,22,0,0,0,0.0,0.0,0.0
Dept1,M23,23,0,0,0,0.0,0.0,0.0
Dept1,M24,24,0,0,0,0.0,0.0,0.0
Dept1,M25,25,0,0,0,0.0,0.0,0.0
Dept1,M26,26,0,0,0,0.0,0.0,0.0
Dept1,M27,27,149,248,389,0.011246,3.3289,23.49
Dept2,M01,1,109,510,2262,0.043323,9.3578,25.69
Dept2,M02,2,111,549,2454,0.044963,9.8919,22.52
Dept2,M03,3,104,421,1379,0.039302,8.0962,25.0
Dept2,M04,4,110,511,1989,0.042619,9.2909,25.45
Dept2,M05,5,109,548,2509,0.046551,10.055,27.52
Dept2,M06,6,114,639,2855,0.049604,11.2105,28.07
Dept2,M07,7,115,593,2361,0.045233,10.313,27.83
Dept2,M08,8,118,706,3818,0.051137,11.9661,27.97
Dept2,M09,9,110,671,3038,0.055963,12.2,29.09
Dept2,M10,10,107,509,1391,0.044877,9.514,29.91
Dept2,M11,11,115,587,2355,0.044775,10.2087,27.83
Dept2,M12,12,114,609,2736,0.047275,10.6842,27.19
Dept2,M13,13,127,691,3581,0.043182,10.8819,25.98
Dept2,M14,14,111,362,1024,0.029648,6.5225,26.13
Dept2,M15,15,120,639,2463,0.044748,10.65,25.83
Dept2,M16,16,123,734,3992,0.048914,11.935,27.64
Dept2,M17,17,121,733,4019,0.050482,12.1157,27.27
Dept2,M18,18,112,562,2266,0.045206,10.0357,26.79
Dept2,M19,19,0,0,0,0.0,0.0,0.0
Dept2,M20,20,0,0,0,0.0,0.0,0.0
Dept2,M21,21,0,0,0,0.0,0.0,0.0
Dept2,M22,22,0,0,0,0.0,0.0,0.0
Dept2,M23,23,0,0,0,0.0,0.0,0.0
Dept2,M24,24,0,0,0,0.0,0.0,0.0
Dept2,M25,25,0,0,0,0.0,0.0,0.0
Dept2,M26,26,0,0,0,0.0,0.0,0.0
Dept2,M27,27,78,154,280,0.025641,3.9487,26.92
Dept3,M01,1,69,243,644,0.05179,7.0435,97.1
Dept3,M02,2,69,297,685,0.063299,8.6087,100.0
Dept3,M03,3,70,268,454,0.055487,7.6571,100.0
Dept3,M04,4,64,297,624,0.073661,9.2812,100.0
Dept3,M05,5,74,256,441,0.04739,6.9189,97.3
Dept3,M06,6,71,289,666,0.058149,8.1408,100.0
Dept3,M07,7,69,301,862,0.064152,8.7246,100.0
Dept3,M08,8,72,335,1079,0.065532,9.3056,100.0
Dept3,M09,9,63,271,718,0.06938,8.6032,100.0
Dept3,M10,10,60,163,327,0.046045,5.4333,96.67
Dept3,M11,11,60,217,605,0.061299,7.2333,100.0
Dept3,M12,12,65,288,841,0.069231,8.8615,100.0
Dept3,M13,13,71,339,948,0.068209,9.5493,100.0
Dept3,M14,14,47,87,155,0.040241,3.7021,95.74
Dept3,M15,15,74,330,670,0.061088,8.9189,100.0
Dept3,M16,16,79,390,897,0.063291,9.8734,97.47
Dept3,M17,17,74,381,985,0.070529,10.2973,100.0
Dept3,M18,18,71,253,498,0.050905,7.1268,100.0
Dept3,M19,19,0,0,0,0.0,0.0,0.0
Dept3,M20,20,0,0,0,0.0,0.0,0.0
Dept3,M21,21,0,0,0,0.0,0.0,0.0
Dept3,M22,22,0,0,0,0.0,0.0,0.0
Dept3,M23,23,0,0,0,0.0,0.0,0.0
Dept3,M24,24,0,0,0,0.0,0.0,0.0
Dept3,M25,25,0,0,0,0.0,0.0,0.0
Dept3,M26,26,0,0,0,0.0,0.0,0.0
Dept3,M27,27,61,78,117,0.021311,2.5574,96.72
Dept4,M01,1,102,450,2600,0.043681,8.8235,25.49
Dept4,M02,2,105,502,2969,0.045971,9.5619,27.62
Dept4,M03,3,96,396,1895,0.043421,8.25,28.12
Dept4,M04,4,100,472,3065,0.047677,9.44,27.0
Dept4,M05,5,92,407,2361,0.048614,8.8478,26.09
Dept4,M06,6,100,480,3106,0.048485,9.6,28.0
Dept4,M07,7,96,414,2276,0.045395,8.625,27.08
Dept4,M08,8,101,455,3649,0.04505,9.0099,25.74
Dept4,M09,9,100,448,2378,0.045253,8.96,26.0
Dept4,M10,10,94,317,1449,0.036262,6.7447,26.6
Dept4,M11,11,100,506,2596,0.051111,10.12,29.0
Dept4,M12,12,98,449,2701,0.047233,9.1633,27.55
Dept4,M13,13,107,499,3940,0.043996,9.3271,28.04
Dept4,M14,14,71,138,562,0.027767,3.8873,29.58
Dept4,M15,15,114,555,2951,0.043083,9.7368,27.19
Dept4,M16,16,114,567,4091,0.044015,9.9474,28.07
Dept4,M17,17,113,610,3437,0.048198,10.7965,28.32
Dept4,M18,18,109,425,1895,0.036103,7.7982,30.28
Dept4,M19,19,0,0,0,0.0,0.0,0.0
Dept4,M20,20,0,0,0,0.0,0.0,0.0
Dept4,M21,21,0,0,0,0.0,0.0,0.0
Dept4,M22,22,0,0,0,0.0,0.0,0.0
Dept4,M23,23,0,0,0,0.0,0.0,0.0
Dept4,M24,24,0,0,0,0.0,0.0,0.0
Dept4,M25,25,0,0,0,0.0,0.0,0.0
Dept4,M26,26,0,0,0,0.0,0.0,0.0
Dept4,M27,27,79,116,220,0.018825,2.9367,26.58
