Department,Month,MonthIdx,EmailVolume,RollingMean,RollingStd,ZScore,IsBurst,IsQuiet
Dept1,M01,1,3010,2495.3,774.2,0.665,False,False
Dept1,M02,2,2871,2711.5,765.8,0.208,False,False
Dept1,M03,3,1605,2831.2,715.2,-1.715,False,True
Dept1,M04,4,3360,3010.0,866.8,0.404,False,False
Dept1,M05,5,3310,3060.4,864.0,0.289,False,False
Dept1,M06,6,3904,3751.6,787.6,0.193,False,False
Dept1,M07,7,3123,3767.2,778.6,-0.827,False,False
Dept1,M08,8,5061,3456.8,1201.2,1.336,True,False
Dept1,M09,9,3438,3259.4,1190.3,0.15,False,False
Dept1,M10,10,1758,3438.6,1231.4,-1.365,False,True
Dept1,M11,11,2917,3369.4,1122.3,-0.403,False,False
Dept1,M12,12,4019,3018.4,1347.4,0.743,False,False
Dept1,M13,13,4715,3481.0,1194.9,1.033,True,False
Dept1,M14,14,1683,3859.2,1268.7,-1.715,False,True
Dept1,M15,15,4071,3933.4,1291.1,0.107,False,False
Dept1,M16,16,4808,3513.2,1314.8,0.985,False,False
Dept1,M17,17,4390,3254.4,1802.1,0.63,False,False
Dept1,M18,18,2614,3050.2,2013.1,-0.217,False,False
Dept1,M19,19,0,0.0,0.0,0.0,False,False
Dept1,M20,20,0,0.0,0.0,0.0,False,False
Dept1,M21,21,0,0.0,0.0,0.0,False,False
Dept1,M22,22,0,0.0,0.0,0.0,False,False
Dept1,M23,23,0,0.0,0.0,0.0,False,False
Dept1,M24,24,0,0.0,0.0,0.0,False,False
Dept1,M25,25,0,0.0,0.0,0.0,False,False
Dept1,M26,26,0,0.0,0.0,0.0,False,False
Dept1,M27,27,389,2464.3,2004.7,-1.035,False,True
Dept2,M01,1,2262,2031.7,573.3,0.402,False,False
Dept2,M02,2,2454,2021.0,468.6,0.924,False,False
Dept2,M03,3,1379,2118.6,460.8,-1.605,False,True
Dept2,M04,4,1989,2237.2,570.2,-0.435,False,False
Dept2,M05,5,2509,2218.6,562.9,0.516,False,False
Dept2,M06,6,2855,2706.4,694.7,0.214,False,False
Dept2,M07,7,2361,2916.2,571.4,-0.972,False,False
Dept2,M08,8,3818,2692.6,896.7,1.255,True,False
Dept2,M09,9,3038,2592.6,901.9,0.494,False,False
Dept2,M10,10,1391,2667.6,893.4,-1.429,False,True
Dept2,M11,11,2355,2620.2,820.4,-0.323,False,False
Dept2,M12,12,2736,2217.4,1031.3,0.503,False,False
Dept2,M13,13,3581,2431.8,922.2,1.246,True,False
Dept2,M14,14,1024,2759.2,1150.5,-1.508,False,True
Dept2,M15,15,2463,3015.8,1279.8,-0.432,False,False
Dept2,M16,16,3992,2752.8,1269.7,0.976,False,False
Dept2,M17,17,4019,2604.0,1538.2,0.92,False,False
Dept2,M18,18,2266,2639.2,1773.8,-0.21,False,False
Dept2,M19,19,0,0.0,0.0,0.0,False,False
Dept2,M20,20,0,0.0,0.0,0.0,False,False
Dept2,M21,21,0,0.0,0.0,0.0,False,False
Dept2,M22,22,0,0.0,0.0,0.0,False,False
Dept2,M23,23,0,0.0,0.0,0.0,False,False
Dept2,M24,24,0,0.0,0.0,0.0,False,False
Dept2,M25,25,0,0.0,0.0,0.0,False,False
Dept2,M26,26,0,0.0,0.0,0.0,False,False
Dept2,M27,27,280,2188.3,1870.7,-1.02,False,True
Dept3,M01,1,644,594.3,123.2,0.403,False,False
Dept3,M02,2,685,601.8,101.7,0.818,False,False
Dept3,M03,3,454,569.6,113.7,-1.017,False,True
Dept3,M04,4,624,574.0,117.7,0.425,False,False
Dept3,M05,5,441,609.4,173.0,-0.973,False,False
Dept3,M06,6,666,734.4,243.9,-0.28,False,False
Dept3,M07,7,862,753.2,236.8,0.459,False,False
Dept3,M08,8,1079,730.4,276.5,1.261,True,False
Dept3,M09,9,718,718.2,281.4,-0.001,False,False
Dept3,M10,10,327,714.0,278.8,-1.388,False,True
Dept3,M11,11,605,687.8,239.3,-0.346,False,False
Dept3,M12,12,841,575.2,334.9,0.794,False,False
Dept3,M13,13,948,643.8,305.2,0.997,False,False
Dept3,M14,14,155,702.2,323.3,-1.693,False,True
Dept3,M15,15,670,731.0,344.5,-0.177,False,False
Dept3,M16,16,897,641.0,332.2,0.771,False,False
Dept3,M17,17,985,633.4,346.2,1.016,True,False
Dept3,M18,18,498,624.2,399.1,-0.316,False,False
Dept3,M19,19,0,0.0,0.0,0.0,False,False
Dept3,M20,20,0,0.0,0.0,0.0,False,False
Dept3,M21,21,0,0.0,0.0,0.0,False,False
Dept3,M22,22,0,0.0,0.0,0.0,False,False
Dept3,M23,23,0,0.0,0.0,0.0,False,False
Dept3,M24,24,0,0.0,0.0,0.0,False,False
Dept3,M25,25,0,0.0,0.0,0.0,False,False
Dept3,M26,26,0,0.0,0.0,0.0,False,False
Dept3,M27,27,117,533.3,435.1,-0.957,False,False
Dept4,M01,1,2600,2488.0,545.7,0.205,False,False
Dept4,M02,2,2969,2632.2,530.8,0.634,False,False
Dept4,M03,3,1895,2578.0,475.4,-1.437,False,True
Dept4,M04,4,3065,2679.2,531.8,0.725,False,False
Dept4,M05,5,2361,2540.6,527.7,-0.34,False,False
Dept4,M06,6,3106,2891.4,572.3,0.375,False,False
Dept4,M07,7,2276,2754.0,601.9,-0.794,False,False
Dept4,M08,8,3649,2571.6,841.3,1.281,True,False
Dept4,M09,9,2378,2469.6,789.7,-0.116,False,False
Dept4,M10,10,1449,2554.6,786.5,-1.406,False,True
Dept4,M11,11,2596,2612.8,891.5,-0.019,False,False
Dept4,M12,12,2701,2249.6,1291.3,0.35,False,False
Dept4,M13,13,3940,2550.0,1231.9,1.128,True,False
Dept4,M14,14,562,2849.0,1413.8,-1.618,False,True
Dept4,M15,15,2951,2996.2,1432.7,-0.032,False,False
Dept4,M16,16,4091,2587.2,1387.1,1.084,True,False
Dept4,M17,17,3437,2518.8,1514.5,0.606,False,False
Dept4,M18,18,1895,2410.8,1726.4,-0.299,False,False
Dept4,M19,19,0,0.0,0.0,0.0,False,False
Dept4,M20,20,0,0.0,0.0,0.0,False,False
Dept4,M21,21,0,0.0,0.0,0.0,False,False
Dept4,M22,22,0,0.0,0.0,0.0,False,False
Dept4,M23,23,0,0.0,0.0,0.0,False,False
Dept4,M24,24,0,0.0,0.0,0.0,False,False
Dept4,M25,25,0,0.0,0.0,0.0,False,False
Dept4,M26,26,0,0.0,0.0,0.0,False,False
Dept4,M27,27,220,1850.7,1609.0,-1.013,False,True
